real_mbti,minimal,modern,natural,romantic,casual,vintage,individuality,useful
ISTJ,1.325533064680725,0.7564358188440272,1.171120699720205,0.4636431103283226,0.22873856958478195,0.5383200214473739,0.3515559323737952,0.6591673732008658
ISTJ,1.325533064680725,0.7564358188440272,1.715660814654751,0.5558978180660636,0.3625420552604762,0.0,0.0,0.9656627474604601
ISTJ,1.141752035818342,0.6515583497263487,1.4777897889538034,0.6338980620586564,0.4574771391695639,0.5383200214473739,0.44361419555836507,0.8317766166719344
ISTJ,1.141752035818342,0.6515583497263487,0.7388948944769017,0.20516534470273123,0.3625420552604762,0.19867790297300056,0.12974883459461262,0.8317766166719344
ISTJ,1.2387581439849396,0.7564358188440272,1.715660814654751,0.6338980620586564,0.13380348567569425,0.3396421184743732,0.22180709777918253,0.6591673732008658
ISTJ,1.2387581439849396,0.7564358188440272,1.171120699720205,0.4636431103283226,0.3625420552604762,0.3396421184743732,0.22180709777918253,0.8317766166719344
ISTJ,1.0317755808527853,0.7564358188440272,1.171120699720205,0.7014649467266648,0.4134117796034715,0.7886245770927092,0.12974883459461262,0.9656627474604601
ISTJ,1.141752035818342,0.7564358188440272,0.7388948944769017,0.3507324733633324,0.22873856958478195,0.448982458618336,0.0,0.8317766166719344
ISTJ,1.2387581439849396,0.7564358188440272,1.4777897889538034,0.6338980620586564,0.4574771391695639,0.5383200214473739,0.3515559323737952,0.9656627474604601
ISTJ,1.0317755808527853,0.6515583497263487,1.4777897889538034,0.7014649467266648,0.3625420552604762,0.5383200214473739,0.22180709777918253,0.8317766166719344
ISTJ,1.0317755808527853,0.6515583497263487,0.0,0.0,0.4134117796034715,0.7886245770927092,0.22180709777918253,0.8317766166719344
ISTJ,0.570876017909171,0.32577917486317437,1.171120699720205,0.3507324733633324,0.22873856958478195,0.448982458618336,0.0,0.5497744391244931
ISTJ,1.141752035818342,0.6515583497263487,1.4777897889538034,0.5558978180660636,0.22873856958478195,0.19867790297300056,0.0,0.7516577810972208
ISTJ,1.141752035818342,0.6515583497263487,0.7388948944769017,0.3507324733633324,0.4134117796034715,0.5383200214473739,0.2932130341997297,0.8317766166719344
ISTJ,1.2387581439849396,0.7564358188440272,1.171120699720205,0.4636431103283226,0.3023759415184712,0.448982458618336,0.2932130341997297,0.7516577810972208
ISTJ,1.0317755808527853,0.6515583497263487,1.715660814654751,0.6338980620586564,0.3023759415184712,0.3396421184743732,0.0,0.8317766166719344
ISTJ,1.2387581439849396,0.7564358188440272,1.171120699720205,0.3507324733633324,0.22873856958478195,0.3396421184743732,0.12974883459461262,0.7516577810972208
ISTJ,1.141752035818342,0.7564358188440272,1.171120699720205,0.4636431103283226,0.3625420552604762,0.19867790297300056,0.2932130341997297,0.8317766166719344
ISTJ,1.141752035818342,0.6515583497263487,1.715660814654751,0.7014649467266648,0.4134117796034715,0.5383200214473739,0.12974883459461262,0.9024464380657644
ISTJ,1.2387581439849396,0.7564358188440272,1.4777897889538034,0.6338980620586564,0.22873856958478195,0.448982458618336,0.0,0.8317766166719344
ISTJ,1.141752035818342,0.6515583497263487,1.715660814654751,0.7610631627687949,0.4134117796034715,0.7369979244203744,0.12974883459461262,0.9024464380657644
ISTJ,1.2387581439849396,0.7564358188440272,1.171120699720205,0.4636431103283226,0.3625420552604762,0.3396421184743732,0.22180709777918253,0.9024464380657644
ISTJ,1.2387581439849396,0.7564358188440272,1.4777897889538034,0.5558978180660636,0.3023759415184712,0.5383200214473739,0.0,0.9024464380657644
ISTJ,0.9048170809470554,0.6515583497263487,0.7388948944769017,0.4636431103283226,0.3023759415184712,0.6792842369487464,0.0,0.8317766166719344
ISTJ,1.0317755808527853,0.6515583497263487,0.7388948944769017,0.4636431103283226,0.22873856958478195,0.6138538545627304,0.0,0.7516577810972208
ISTJ,1.2387581439849396,0.6515583497263487,1.4777897889538034,0.7014649467266648,0.4574771391695639,0.5383200214473739,0.44361419555836507,0.8317766166719344
ISTJ,1.141752035818342,0.7564358188440272,1.171120699720205,0.3507324733633324,0.3023759415184712,0.0,0.0,0.9024464380657644
ISTJ,1.325533064680725,0.7564358188440272,0.7388948944769017,0.4636431103283226,0.0,0.0,0.0,0.6591673732008658
ISTJ,1.0317755808527853,0.5163477756740117,0.7388948944769017,0.3507324733633324,0.3023759415184712,0.448982458618336,0.2932130341997297,0.5497744391244931
ISTJ,1.0317755808527853,0.5163477756740117,1.4777897889538034,0.7610631627687949,0.3023759415184712,0.6792842369487464,0.0,0.7516577810972208
ISTJ,1.325533064680725,0.7564358188440272,0.7388948944769017,0.3507324733633324,0.13380348567569425,0.3396421184743732,0.0,0.7516577810972208
ISTJ,1.141752035818342,0.6515583497263487,1.715660814654751,0.6338980620586564,0.3625420552604762,0.6792842369487464,0.12974883459461262,0.8317766166719344
ISTJ,1.0317755808527853,0.7564358188440272,1.4777897889538034,0.5558978180660636,0.3023759415184712,0.3396421184743732,0.12974883459461262,0.8317766166719344
ISTJ,1.141752035818342,0.6515583497263487,0.0,0.0,0.0,0.448982458618336,0.0,0.5497744391244931
ISTJ,1.2387581439849396,0.7564358188440272,0.7388948944769017,0.20516534470273123,0.13380348567569425,0.0,0.0,0.7516577810972208
ISTJ,0.9048170809470554,0.7564358188440272,1.171120699720205,0.6338980620586564,0.4574771391695639,0.6138538545627304,0.2932130341997297,0.9656627474604601
ISTJ,1.141752035818342,0.6515583497263487,1.4777897889538034,0.5558978180660636,0.13380348567569425,0.6792842369487464,0.2932130341997297,0.6591673732008658
ISTJ,1.2387581439849396,0.7564358188440272,1.715660814654751,0.5558978180660636,0.3625420552604762,0.3396421184743732,0.0,0.9656627474604601
ISTJ,1.2387581439849396,0.7564358188440272,1.715660814654751,0.6338980620586564,0.4134117796034715,0.6138538545627304,0.2932130341997297,0.9656627474604601
ENTJ,1.0084741896387714,0.8530020935900732,0.3604365338911716,0.3784583605857302,0.6139147903556839,0.22873856958478195,0.0,1.6003383501699557
ENTJ,1.2107823044049009,0.734736011393542,0.5712783901074171,0.5002947396032887,0.8393511888918965,0.4134117796034715,0.588798595192823,1.3329397984790716
ENTJ,1.295597519509451,0.8530020935900732,0.3604365338911716,0.5002947396032887,0.2716616224324701,0.3625420552604762,0.19056860081083726,1.1689234751428688
ENTJ,1.115966960701512,0.8530020935900732,0.5712783901074171,0.599842309612788,0.7360702334076334,0.3625420552604762,0.32577917486317426,1.6003383501699557
ENTJ,1.115966960701512,0.734736011393542,0.7208730677823432,0.599842309612788,0.6139147903556839,0.3023759415184712,0.0,1.4750172002315636
ENTJ,1.295597519509451,0.8530020935900732,0.5712783901074171,0.3784583605857302,0.0,0.22873856958478195,0.0,1.1689234751428688
ENTJ,1.115966960701512,0.734736011393542,0.3604365338911716,0.22138394902705777,0.4644086109751633,0.22873856958478195,0.32577917486317426,1.1689234751428688
ENTJ,0.8843828923778284,0.734736011393542,0.5712783901074171,0.3784583605857302,0.4644086109751633,0.3625420552604762,0.0,1.3329397984790716
ENTJ,0.737614039158695,0.734736011393542,0.0,0.0,0.0,0.0,0.0,0.974933338714101
ENTJ,1.115966960701512,0.734736011393542,0.8369077144657322,0.684008580798471,0.7360702334076334,0.3625420552604762,0.0,1.6003383501699557
ENTJ,1.0084741896387714,0.734736011393542,0.8369077144657322,0.599842309612788,0.4644086109751633,0.3625420552604762,0.32577917486317426,1.3329397984790716
ENTJ,1.295597519509451,0.8530020935900732,0.8369077144657322,0.684008580798471,0.8393511888918965,0.4134117796034715,0.32577917486317426,1.7124419388298828
ENTJ,1.0084741896387714,0.8530020935900732,0.7208730677823432,0.599842309612788,0.6139147903556839,0.13380348567569425,0.19056860081083726,1.4750172002315636
ENTJ,1.115966960701512,0.734736011393542,0.8369077144657322,0.599842309612788,0.7360702334076334,0.3625420552604762,0.0,1.6003383501699557
ENTJ,1.295597519509451,0.8530020935900732,0.3604365338911716,0.22138394902705777,0.7360702334076334,0.22873856958478195,0.32577917486317426,1.4750172002315636
ENTJ,1.2107823044049009,0.8530020935900732,0.5712783901074171,0.5002947396032887,0.6139147903556839,0.13380348567569425,0.32577917486317426,1.4750172002315636
ENTJ,1.0084741896387714,0.734736011393542,0.7208730677823432,0.684008580798471,0.9288172219503266,0.4574771391695639,0.588798595192823,1.3329397984790716
ENTJ,1.295597519509451,0.8530020935900732,0.3604365338911716,0.599842309612788,0.6139147903556839,0.4134117796034715,0.0,1.6003383501699557
ENTJ,1.295597519509451,0.8530020935900732,0.5712783901074171,0.5002947396032887,0.4644086109751633,0.4134117796034715,0.0,1.4750172002315636
ENTJ,1.2107823044049009,0.734736011393542,0.7208730677823432,0.684008580798471,0.8393511888918965,0.4574771391695639,0.5163477756740116,1.4750172002315636
ENTJ,1.295597519509451,0.8530020935900732,0.3604365338911716,0.3784583605857302,0.8393511888918965,0.4134117796034715,0.5163477756740116,1.3329397984790716
ENTJ,1.2107823044049009,0.734736011393542,0.5712783901074171,0.684008580798471,0.9288172219503266,0.4574771391695639,0.5163477756740116,1.6003383501699557
ENFJ,0.6768348285493235,1.3969921079927992,1.0813096016735146,0.8268156084516195,0.7009146401702541,0.17029534540542907,0.19056860081083726,0.6768348285493235
ENFJ,0.6238324625039509,1.3969921079927992,0.5406548008367573,0.5216625680894148,0.7009146401702541,0.3848421073871452,0.43065664398085285,0.6238324625039509
ENFJ,0.5637433358229157,1.3969921079927992,0.8569175851611257,1.0433251361788296,0.4422279011972451,0.5822436316703541,0.19056860081083726,0.5637433358229157
ENFJ,0.6238324625039509,1.203303505452065,1.0813096016735146,0.9428294100896141,0.7992627739000449,0.5261604467680546,0.5163477756740116,0.6238324625039509
ENFJ,0.5637433358229157,1.203303505452065,0.8569175851611257,0.6896004048084892,0.7992627739000449,0.5261604467680546,0.43065664398085285,0.6238324625039509
ENFJ,0.6768348285493235,1.3969921079927992,1.0813096016735146,0.9428294100896141,0.7992627739000449,0.5822436316703541,0.43065664398085285,0.6768348285493235
ENFJ,0.6768348285493235,1.3969921079927992,0.5406548008367573,0.5216625680894148,0.7992627739000449,0.3848421073871452,0.6515583497263485,0.6238324625039509
ENFJ,0.6768348285493235,1.3969921079927992,1.2553615716985982,1.2112629728979039,0.7992627739000449,0.6759639232223221,0.5163477756740116,0.6768348285493235
ENFJ,0.6238324625039509,0.9535954665639194,0.8569175851611257,0.6896004048084892,0.584593486935711,0.3848421073871452,0.5163477756740116,0.41233082934336984
ENFJ,0.6768348285493235,1.203303505452065,1.0813096016735146,0.8268156084516195,0.584593486935711,0.17029534540542907,0.32577917486317426,0.4943755299006495
ENFJ,0.6238324625039509,1.203303505452065,0.8569175851611257,0.6896004048084892,0.7992627739000449,0.5822436316703541,0.43065664398085285,0.6238324625039509
ENFJ,0.6238324625039509,1.203303505452065,0.8569175851611257,0.6896004048084892,0.7009146401702541,0.3848421073871452,0.43065664398085285,0.5637433358229157
ENFJ,0.6768348285493235,1.3969921079927992,1.0813096016735146,0.8268156084516195,0.7992627739000449,0.3848421073871452,0.32577917486317426,0.7242470605953453
ENFJ,0.7242470605953453,1.3969921079927992,0.5406548008367573,0.30515304036220453,0.4422279011972451,0.17029534540542907,0.0,0.6238324625039509
ENFJ,0.6238324625039509,1.203303505452065,0.8569175851611257,0.8268156084516195,0.7009146401702541,0.5261604467680546,0.588798595192823,0.4943755299006495
ENFJ,0.5637433358229157,0.9535954665639194,0.5406548008367573,0.30515304036220453,0.7009146401702541,0.29112181583517704,0.43065664398085285,0.41233082934336984
ENFJ,0.4943755299006495,0.9535954665639194,1.0813096016735146,1.0433251361788296,0.7992627739000449,0.5822436316703541,0.32577917486317426,0.5637433358229157
ENFJ,0.6768348285493235,1.3969921079927992,1.0813096016735146,0.8268156084516195,0.7992627739000449,0.3848421073871452,0.6515583497263485,0.6238324625039509
ENFJ,0.7242470605953453,1.3969921079927992,0.8569175851611257,0.8268156084516195,0.7009146401702541,0.0,0.0,0.7242470605953453
ENFJ,0.6768348285493235,1.3969921079927992,0.8569175851611257,0.8268156084516195,0.584593486935711,0.46141716124060617,0.32577917486317426,0.6238324625039509
ENFJ,0.6768348285493235,1.203303505452065,1.2553615716985982,1.131968648813824,1.026821388132956,0.5822436316703541,0.7564358188440271,0.6768348285493235
ENFJ,0.6238324625039509,0.9535954665639194,1.2553615716985982,1.0433251361788296,0.7992627739000449,0.5261604467680546,0.43065664398085285,0.5637433358229157
ENFJ,0.5637433358229157,1.3969921079927992,1.2553615716985982,1.131968648813824,0.7992627739000449,0.5261604467680546,0.19056860081083726,0.7242470605953453
ENFJ,0.6238324625039509,1.3969921079927992,1.0813096016735146,0.9428294100896141,0.7992627739000449,0.3848421073871452,0.43065664398085285,0.6768348285493235
ENFJ,0.6238324625039509,1.203303505452065,1.0813096016735146,0.8268156084516195,0.584593486935711,0.29112181583517704,0.43065664398085285,0.5637433358229157
ENFJ,0.4943755299006495,1.203303505452065,1.2553615716985982,1.0433251361788296,0.7992627739000449,0.3848421073871452,0.32577917486317426,0.6238324625039509
ENFJ,0.6768348285493235,1.203303505452065,1.0813096016735146,0.9428294100896141,0.7992627739000449,0.5261604467680546,0.6515583497263485,0.5637433358229157
ENFJ,0.6238324625039509,0.9535954665639194,0.5406548008367573,0.9428294100896141,0.7992627739000449,0.5822436316703541,0.43065664398085285,0.5637433358229157
ENFJ,0.6768348285493235,1.203303505452065,0.5406548008367573,0.5216625680894148,0.4422279011972451,0.46141716124060617,0.43065664398085285,0.4943755299006495
ENFJ,0.6238324625039509,1.3969921079927992,1.2553615716985982,1.2112629728979039,0.9596013791432629,0.6317125066460352,0.6515583497263485,0.7242470605953453
ENFJ,0.0,0.0,1.2553615716985982,1.131968648813824,0.7009146401702541,0.3848421073871452,0.19056860081083726,0.41233082934336984
ENFJ,0.6768348285493235,1.3969921079927992,0.8569175851611257,0.9428294100896141,0.7009146401702541,0.46141716124060617,0.19056860081083726,0.6768348285493235
ESTP,1.2826772039708065,0.7564358188440272,0.6376954061151496,0.6855340681289006,0.6487338381669019,0.0,0.2542266227838191,0.6931471805599453
ESTP,1.06835625953285,0.5163477756740117,0.6376954061151496,0.6855340681289006,0.6487338381669019,0.4963455409361705,0.0,0.626381484247684
ESTP,0.936896559776164,0.5163477756740117,0.5053616527873305,0.6855340681289006,0.7778175003770218,0.3625420552604762,0.5745142888850953,0.5493061443340549
ESTP,1.2826772039708065,0.7564358188440272,0.5053616527873305,0.4325238406694059,0.4907482038364413,0.22873856958478195,0.0,0.6931471805599453
ESTP,1.1822318311630426,0.6515583497263487,0.740341439719686,0.7817240923411098,0.7778175003770218,0.3023759415184712,0.2542266227838191,0.6931471805599453
ESTP,1.3725286517238007,0.7564358188440272,0.740341439719686,1.0042892573588789,1.1394820420033431,0.5311145111032531,1.0091175710961808,0.8047189562170501
ESTP,1.2826772039708065,0.7564358188440272,0.3188477030575748,0.4325238406694059,0.6487338381669019,0.22873856958478195,0.2542266227838191,0.6931471805599453
ESTP,0.7814127361422795,0.5163477756740117,0.740341439719686,0.9385442955883952,0.6487338381669019,0.4963455409361705,0.4346032822110857,0.5493061443340549
ESTP,1.3725286517238007,0.7564358188440272,0.740341439719686,1.0042892573588789,0.7778175003770218,0.5311145111032531,0.2542266227838191,0.8047189562170501
ESTP,0.936896559776164,0.6515583497263487,0.740341439719686,0.6855340681289006,0.7778175003770218,0.13380348567569425,0.0,0.7520386983881371
ESTP,1.1822318311630426,0.5163477756740117,0.6376954061151496,0.7817240923411098,0.6487338381669019,0.3625420552604762,0.2542266227838191,0.5493061443340549
ESTP,1.06835625953285,0.7564358188440272,0.6376954061151496,0.7817240923411098,0.4907482038364413,0.4574771391695639,0.2542266227838191,0.626381484247684
ESTP,0.936896559776164,0.32577917486317437,0.5053616527873305,0.5717654166894729,0.7778175003770218,0.4134117796034715,0.4346032822110857,0.45814536593707755
ESTP,1.1822318311630426,0.7564358188440272,0.3188477030575748,0.4325238406694059,0.4907482038364413,0.13380348567569425,0.2542266227838191,0.6931471805599453
ESTP,1.2826772039708065,0.6515583497263487,0.6376954061151496,0.6855340681289006,0.6487338381669019,0.3023759415184712,0.4346032822110857,0.626381484247684
ESTP,1.2826772039708065,0.7564358188440272,0.3188477030575748,0.25301022745949464,0.4907482038364413,0.3023759415184712,0.5745142888850953,0.6931471805599453
ESTP,1.2826772039708065,0.7564358188440272,0.740341439719686,0.9385442955883952,0.6487338381669019,0.22873856958478195,0.0,0.7520386983881371
ESTP,1.3725286517238007,0.7564358188440272,0.6376954061151496,0.9385442955883952,0.7778175003770218,0.4134117796034715,0.5745142888850953,0.6931471805599453
ESTP,1.2826772039708065,0.6515583497263487,0.740341439719686,0.9385442955883952,0.8869561816947207,0.3625420552604762,0.6888299049949048,0.5493061443340549
ESTP,1.2826772039708065,0.7564358188440272,0.6376954061151496,0.7817240923411098,0.7778175003770218,0.3625420552604762,0.7854823812465958,0.626381484247684
ESTP,1.3725286517238007,0.7564358188440272,0.5053616527873305,0.4325238406694059,0.7778175003770218,0.22873856958478195,0.4346032822110857,0.7520386983881371
ESTP,1.3725286517238007,0.7564358188440272,0.6376954061151496,0.7817240923411098,0.4907482038364413,0.3625420552604762,0.0,0.6931471805599453
ESTP,1.1822318311630426,0.6515583497263487,0.3188477030575748,0.4325238406694059,0.8869561816947207,0.3023759415184712,0.6888299049949048,0.6931471805599453
ESTP,1.2826772039708065,0.7564358188440272,0.3188477030575748,0.25301022745949464,0.8869561816947207,0.22873856958478195,0.4346032822110857,0.7520386983881371
ESTP,0.936896559776164,0.6515583497263487,0.740341439719686,0.6855340681289006,0.6487338381669019,0.3625420552604762,0.0,0.6931471805599453
ESTP,1.1822318311630426,0.7564358188440272,0.5053616527873305,0.5717654166894729,0.8869561816947207,0.3023759415184712,0.6888299049949048,0.7520386983881371
INFP,0.6238324625039507,0.7081526814710041,0.5075588773646666,0.48125208746277004,0.6931471805599453,0.5022901759243941,0.5681002537619761,0.6768348285493233
INFP,0.5637433358229157,0.6099695188927519,0.6404679948373894,0.8697933290263341,0.626381484247684,1.5519227653720622,0.681139618974228,0.6238324625039507
INFP,0.7242470605953452,0.7081526814710041,0.7435603155445542,0.8697933290263341,0.626381484247684,1.7173414545553205,0.2513883670270619,0.724247060595345
INFP,0.6768348285493234,0.7081526814710041,0.3202339974186947,0.7627665120222686,0.34657359027997264,0.8586707272776603,0.681139618974228,0.5637433358229156
INFP,0.5637433358229157,0.4833894070139683,0.5075588773646666,0.48125208746277004,0.2027325540540822,0.5022901759243941,0.0,0.41233082934336973
INFP,0.6238324625039507,0.6099695188927519,0.7435603155445542,0.7627665120222686,0.5493061443340549,1.3609609032020544,0.42975125194716607,0.6238324625039507
INFP,0.6768348285493234,0.7081526814710041,0.6404679948373894,0.8697933290263341,0.6931471805599453,0.8586707272776603,0.681139618974228,0.6768348285493233
INFP,0.3119162312519754,0.4833894070139683,0.6404679948373894,0.8697933290263341,0.626381484247684,1.1351009586457035,0.42975125194716607,0.5637433358229156
INFP,0.5637433358229157,0.6099695188927519,0.7435603155445542,0.9625041749255401,0.5493061443340549,1.7173414545553205,0.2513883670270619,0.6238324625039507
INFP,0.5637433358229157,0.7081526814710041,0.6404679948373894,0.8697933290263341,0.45814536593707755,1.3609609032020544,0.0,0.6768348285493233
INFP,0.5637433358229157,0.4833894070139683,0.6404679948373894,0.7627665120222686,0.626381484247684,1.3609609032020544,0.5681002537619761,0.5637433358229156
INFP,0.5637433358229157,0.7081526814710041,0.6404679948373894,0.6361806551402259,0.626381484247684,0.8586707272776603,0.42975125194716607,0.6768348285493233
INFP,0.6768348285493234,0.7081526814710041,0.5075588773646666,0.6361806551402259,0.5493061443340549,1.3609609032020544,0.5681002537619761,0.6768348285493233
INFP,0.7242470605953452,0.7081526814710041,0.3202339974186947,0.28151442455949854,0.626381484247684,1.8632510791264487,0.9325279860012899,0.6238324625039507
INFP,0.6768348285493234,0.7081526814710041,0.6404679948373894,0.9625041749255401,0.45814536593707755,1.5519227653720622,0.5681002537619761,0.6238324625039507
INFP,0.7242470605953452,0.7081526814710041,0.7435603155445542,1.0442809365817671,0.5493061443340549,1.3609609032020544,0.5681002537619761,0.6238324625039507
INFP,0.6768348285493234,0.7081526814710041,0.7435603155445542,1.117432742602996,0.7520386983881371,1.5519227653720622,0.9325279860012899,0.724247060595345
INFP,0.6238324625039507,0.4833894070139683,0.6404679948373894,1.0442809365817671,0.6931471805599453,1.5519227653720622,0.9325279860012899,0.5637433358229156
INFP,0.4943755299006494,0.4833894070139683,0.5075588773646666,0.48125208746277004,0.45814536593707755,1.7173414545553205,0.0,0.5637433358229156
INFP,0.5637433358229157,0.4833894070139683,0.7435603155445542,0.8697933290263341,0.34657359027997264,0.5022901759243941,0.0,0.49437552990064937
INFP,0.6238324625039507,0.7081526814710041,0.6404679948373894,0.8697933290263341,0.626381484247684,1.5519227653720622,0.42975125194716607,0.724247060595345
INFP,0.6238324625039507,0.6099695188927519,0.5075588773646666,0.48125208746277004,0.5493061443340549,0.5022901759243941,0.8595025038943321,0.49437552990064937
INFP,0.6768348285493234,0.6099695188927519,0.6404679948373894,0.6361806551402259,0.5493061443340549,1.1351009586457035,0.8595025038943321,0.49437552990064937
INFP,0.5637433358229157,0.4833894070139683,0.3202339974186947,0.28151442455949854,0.45814536593707755,0.0,0.0,0.5637433358229156
INFP,0.6238324625039507,0.6099695188927519,0.3202339974186947,0.6361806551402259,0.45814536593707755,1.3609609032020544,0.681139618974228,0.5637433358229156
INFP,0.7242470605953452,0.7081526814710041,0.7435603155445542,1.117432742602996,0.6931471805599453,1.7173414545553205,0.681139618974228,0.6768348285493233
INFP,0.4943755299006494,0.30498475944637593,0.6404679948373894,0.9625041749255401,0.45814536593707755,1.1351009586457035,0.7767130404671282,0.3119162312519754
INFP,0.5637433358229157,0.7081526814710041,0.5075588773646666,0.48125208746277004,0.626381484247684,1.1351009586457035,0.42975125194716607,0.6768348285493233
INFP,0.6238324625039507,0.4833894070139683,0.5075588773646666,0.6361806551402259,0.626381484247684,1.9937716859233636,0.8595025038943321,0.5637433358229156
INFP,0.18245929864867397,0.0,0.0,0.0,0.45814536593707755,0.8586707272776603,0.5681002537619761,0.0
INFP,0.7242470605953452,0.7081526814710041,0.0,0.0,0.34657359027997264,1.5519227653720622,0.0,0.6238324625039507
INFP,0.6238324625039507,0.4833894070139683,0.6404679948373894,1.0442809365817671,0.45814536593707755,1.9937716859233636,0.5681002537619761,0.3119162312519754
INFP,0.6768348285493234,0.6099695188927519,0.6404679948373894,0.7627665120222686,0.6931471805599453,1.1351009586457035,0.5681002537619761,0.6768348285493233
INFP,0.7242470605953452,0.7081526814710041,0.6404679948373894,0.7627665120222686,0.626381484247684,1.3609609032020544,0.42975125194716607,0.6768348285493233
INFP,0.7242470605953452,0.7081526814710041,0.6404679948373894,0.8697933290263341,0.5493061443340549,1.3609609032020544,0.2513883670270619,0.6768348285493233
INFP,0.7242470605953452,0.7081526814710041,0.7435603155445542,0.7627665120222686,0.626381484247684,1.1351009586457035,0.5681002537619761,0.6238324625039507
INFP,0.6238324625039507,0.6099695188927519,0.5075588773646666,0.6361806551402259,0.626381484247684,1.5519227653720622,0.5681002537619761,0.6238324625039507
INFP,0.4943755299006494,0.6099695188927519,0.5075588773646666,0.8697933290263341,0.5493061443340549,0.8586707272776603,0.0,0.6768348285493233
INFP,0.6238324625039507,0.6099695188927519,0.7435603155445542,0.8697933290263341,0.7520386983881371,1.1351009586457035,0.7767130404671282,0.6768348285493233
INFP,0.6238324625039507,0.7081526814710041,0.3202339974186947,0.6361806551402259,0.34657359027997264,0.8586707272776603,0.681139618974228,0.5637433358229156
INFP,0.7242470605953452,0.7081526814710041,0.6404679948373894,0.7627665120222686,0.7520386983881371,1.7173414545553205,0.7767130404671282,0.724247060595345
INFP,0.4123308293433698,0.30498475944637593,0.7435603155445542,1.117432742602996,0.2027325540540822,1.1351009586457035,0.0,0.3119162312519754
INFP,0.5637433358229157,0.4833894070139683,0.6404679948373894,0.7627665120222686,0.7520386983881371,1.5519227653720622,0.8595025038943321,0.6238324625039507
INFP,0.6238324625039507,0.7081526814710041,0.6404679948373894,0.9625041749255401,0.5493061443340549,1.3609609032020544,0.2513883670270619,0.6768348285493233
INFP,0.5637433358229157,0.4833894070139683,0.3202339974186947,0.48125208746277004,0.34657359027997264,1.3609609032020544,0.5681002537619761,0.41233082934336973
INFP,0.7242470605953452,0.7081526814710041,0.6404679948373894,1.0442809365817671,0.6931471805599453,1.8632510791264487,0.5681002537619761,0.724247060595345
INFP,0.6238324625039507,0.6099695188927519,0.7435603155445542,0.8697933290263341,0.626381484247684,0.8586707272776603,0.2513883670270619,0.6768348285493233
INFP,0.4943755299006494,0.6099695188927519,0.6404679948373894,0.7627665120222686,0.34657359027997264,0.5022901759243941,0.0,0.5637433358229156
INFP,0.5637433358229157,0.6099695188927519,0.6404679948373894,0.8697933290263341,0.626381484247684,1.7173414545553205,0.5681002537619761,0.6238324625039507
INFP,0.6238324625039507,0.6099695188927519,0.5075588773646666,0.48125208746277004,0.34657359027997264,1.3609609032020544,0.0,0.5637433358229156
INFP,0.5637433358229157,0.6099695188927519,0.7435603155445542,1.0442809365817671,0.34657359027997264,1.5519227653720622,0.2513883670270619,0.49437552990064937
INFP,0.6238324625039507,0.6099695188927519,0.6404679948373894,0.8697933290263341,0.34657359027997264,0.5022901759243941,0.2513883670270619,0.49437552990064937
INFP,0.6768348285493234,0.7081526814710041,0.7435603155445542,0.9625041749255401,0.8047189562170501,1.7173414545553205,0.9978515057091422,0.724247060595345
INFP,0.6238324625039507,0.7081526814710041,0.6404679948373894,0.8697933290263341,0.45814536593707755,1.3609609032020544,0.2513883670270619,0.6238324625039507
INFP,0.6768348285493234,0.7081526814710041,0.6404679948373894,0.8697933290263341,0.626381484247684,1.3609609032020544,0.681139618974228,0.6768348285493233
INFP,0.7242470605953452,0.7081526814710041,0.3202339974186947,0.28151442455949854,0.5493061443340549,1.5519227653720622,0.0,0.724247060595345
INFP,0.6768348285493234,0.6099695188927519,0.6404679948373894,0.6361806551402259,0.45814536593707755,1.3609609032020544,0.5681002537619761,0.49437552990064937
INFP,0.5637433358229157,0.6099695188927519,0.6404679948373894,0.9625041749255401,0.7520386983881371,1.3609609032020544,0.681139618974228,0.6768348285493233
INFP,0.4943755299006494,0.6099695188927519,0.7435603155445542,0.9625041749255401,0.5493061443340549,1.3609609032020544,0.5681002537619761,0.49437552990064937
INFP,0.5637433358229157,0.4833894070139683,0.3202339974186947,0.6361806551402259,0.5493061443340549,1.3609609032020544,0.7767130404671282,0.49437552990064937
INFP,0.5637433358229157,0.6099695188927519,0.7435603155445542,0.7627665120222686,0.626381484247684,1.5519227653720622,0.42975125194716607,0.6768348285493233
INFP,0.6238324625039507,0.6099695188927519,0.3202339974186947,0.7627665120222686,0.34657359027997264,1.1351009586457035,0.2513883670270619,0.49437552990064937
INFP,0.6768348285493234,0.7081526814710041,0.7435603155445542,0.9625041749255401,0.45814536593707755,1.5519227653720622,0.0,0.6768348285493233
INFP,0.6768348285493234,0.7081526814710041,0.6404679948373894,0.7627665120222686,0.626381484247684,1.7173414545553205,0.5681002537619761,0.6768348285493233
INFP,0.6768348285493234,0.6099695188927519,0.5075588773646666,0.7627665120222686,0.626381484247684,1.5519227653720622,0.681139618974228,0.6238324625039507
INFP,0.6238324625039507,0.7081526814710041,0.3202339974186947,0.6361806551402259,0.5493061443340549,0.8586707272776603,0.7767130404671282,0.5637433358229156
INFP,0.3119162312519754,0.30498475944637593,0.3202339974186947,0.48125208746277004,0.626381484247684,1.5519227653720622,0.681139618974228,0.41233082934336973
INFP,0.5637433358229157,0.4833894070139683,0.5075588773646666,0.7627665120222686,0.5493061443340549,1.8632510791264487,0.5681002537619761,0.5637433358229156
INFP,0.5637433358229157,0.30498475944637593,0.6404679948373894,0.7627665120222686,0.626381484247684,1.3609609032020544,0.2513883670270619,0.5637433358229156
INFP,0.4943755299006494,0.6099695188927519,0.7435603155445542,1.117432742602996,0.45814536593707755,1.5519227653720622,0.42975125194716607,0.49437552990064937
INFP,0.6238324625039507,0.6099695188927519,0.6404679948373894,0.8697933290263341,0.6931471805599453,1.3609609032020544,0.8595025038943321,0.6238324625039507
ESTJ,0.9728211816156114,1.0815422771557155,1.6005860039157127,0.5163477756740116,0.0,0.26366694928034634,0.0,0.6042367587674604
ESTJ,1.2275636567716632,0.9315898106725665,1.0925699210804352,0.3257791748631743,0.626381484247684,0.3327106466687737,0.2564644568071798,0.7624618986159398
ESTJ,1.2275636567716632,1.0815422771557155,1.6005860039157127,0.6515583497263486,0.6931471805599453,0.3006631124388883,0.33902757079343737,0.8851908518387552
ESTJ,1.4251572714603962,1.0815422771557155,1.0925699210804352,0.5163477756740116,0.45814536593707755,0.16635532333438685,0.1500220900000208,0.7624618986159398
ESTJ,1.3318605348453911,1.0815422771557155,1.6005860039157127,0.706916376484849,0.45814536593707755,0.3327106466687737,0.1500220900000208,0.7624618986159398
ESTJ,1.2275636567716632,1.0815422771557155,1.3786697421337313,0.4306566439808529,0.45814536593707755,0.26366694928034634,0.1500220900000208,0.7624618986159398
ESTJ,1.2275636567716632,0.9315898106725665,0.6893348710668656,0.19056860081083726,0.34657359027997264,0.26366694928034634,0.0,0.6890196326724525
ESTJ,0.9728211816156114,0.9315898106725665,1.0925699210804352,0.5163477756740116,0.5493061443340549,0.26366694928034634,0.1500220900000208,0.7624618986159398
ESTJ,1.3318605348453911,1.0815422771557155,0.6893348710668656,0.19056860081083726,0.5493061443340549,0.16635532333438685,0.1500220900000208,0.8272425682269509
ESTJ,1.3318605348453911,1.0815422771557155,0.6893348710668656,0.4306566439808529,0.626381484247684,0.26366694928034634,0.2564644568071798,0.8272425682269509
ESTJ,1.1093216086026487,0.7382674579849698,0.6893348710668656,0.3257791748631743,0.34657359027997264,0.16635532333438685,0.1500220900000208,0.5039599025307854
ESTJ,1.3318605348453911,1.0815422771557155,1.3786697421337313,0.5163477756740116,0.5493061443340549,0.21990977564979722,0.33902757079343737,0.7624618986159398
ESTJ,1.4251572714603962,1.0815422771557155,0.6893348710668656,0.3257791748631743,0.0,0.21990977564979722,0.0,0.6042367587674604
ESTJ,1.2275636567716632,0.9315898106725665,0.6893348710668656,0.4306566439808529,0.5493061443340549,0.3006631124388883,0.2564644568071798,0.6890196326724525
ESTJ,1.3318605348453911,1.0815422771557155,1.0925699210804352,0.4306566439808529,0.5493061443340549,0.26366694928034634,0.2564644568071798,0.7624618986159398
ESTJ,1.1093216086026487,1.0815422771557155,1.3786697421337313,0.5163477756740116,0.5493061443340549,0.16635532333438685,0.0,0.8851908518387552
ESTJ,1.3318605348453911,0.9315898106725665,1.3786697421337313,0.6515583497263486,0.45814536593707755,0.26366694928034634,0.2564644568071798,0.6890196326724525
ESTJ,1.3318605348453911,1.0815422771557155,1.0925699210804352,0.3257791748631743,0.6931471805599453,0.21990977564979722,0.33902757079343737,0.8272425682269509
ESTJ,1.3318605348453911,1.0815422771557155,1.0925699210804352,0.4306566439808529,0.45814536593707755,0.16635532333438685,0.1500220900000208,0.7624618986159398
ESTJ,1.1093216086026487,0.9315898106725665,0.6893348710668656,0.19056860081083726,0.34657359027997264,0.09731162594595945,0.0,0.6890196326724525
INFJ,1.2437736187290729,0.8530020935900732,0.7208730677823432,0.5717654166894728,0.3756792000684036,0.0,0.22138394902705777,0.6931471805599453
INFJ,1.0713282822734516,0.734736011393542,0.3604365338911716,0.2530102274594946,0.45043103835392506,1.5096527618631859,0.0,0.7520386983881371
INFJ,1.2437736187290729,0.8530020935900732,0.3604365338911716,0.5717654166894728,0.2841903440295776,0.8594807064979575,0.22138394902705777,0.626381484247684
INFJ,1.0713282822734516,0.734736011393542,0.7208730677823432,0.7817240923411096,0.1662406943243474,1.0304983267706869,0.0,0.5493061443340549
INFJ,1.1623510122287048,0.8530020935900732,0.5712783901074171,0.6855340681289005,0.5136328170831009,1.0304983267706869,0.599842309612788,0.7520386983881371
INFJ,1.1623510122287048,0.8530020935900732,0.5712783901074171,0.6855340681289005,0.5136328170831009,0.6501720553652286,0.599842309612788,0.7520386983881371
INFJ,0.9681352220532207,0.734736011393542,0.7208730677823432,0.7817240923411096,0.6166717326782725,1.4108245981761451,0.8212262586398458,0.6931471805599453
INFJ,1.1623510122287048,0.734736011393542,0.8369077144657322,0.7817240923411096,0.5136328170831009,0.6501720553652286,0.5002947396032887,0.626381484247684
INFJ,0.9681352220532207,0.5822645129940982,0.5712783901074171,0.6855340681289005,0.1662406943243474,1.0304983267706869,0.0,0.45814536593707755
INFJ,1.1623510122287048,0.734736011393542,0.0,0.0,0.45043103835392506,0.6501720553652286,0.684008580798471,0.5493061443340549
INFJ,1.2437736187290729,0.8530020935900732,0.8369077144657322,0.6855340681289005,0.45043103835392506,0.0,0.0,0.8047189562170501
INFJ,1.1623510122287048,0.8530020935900732,0.3604365338911716,0.43252384066940586,0.3756792000684036,1.3003441107304572,0.22138394902705777,0.6931471805599453
INFJ,1.0713282822734516,0.8530020935900732,0.7208730677823432,0.7817240923411096,0.5136328170831009,1.5096527618631859,0.3784583605857302,0.8047189562170501
INFJ,1.0713282822734516,0.734736011393542,0.3604365338911716,0.43252384066940586,0.1662406943243474,0.6501720553652286,0.0,0.5493061443340549
INFJ,1.0713282822734516,0.8530020935900732,0.7208730677823432,0.6855340681289005,0.5136328170831009,0.8594807064979575,0.684008580798471,0.626381484247684
INFJ,1.0713282822734516,0.734736011393542,0.3604365338911716,0.2530102274594946,0.5136328170831009,0.0,0.22138394902705777,0.7520386983881371
INFJ,1.0713282822734516,0.5822645129940982,0.8369077144657322,0.938544295588395,0.45043103835392506,0.38032627140545816,0.22138394902705777,0.626381484247684
INFJ,0.8490075766827154,0.5822645129940982,0.7208730677823432,0.7817240923411096,0.45043103835392506,1.3003441107304572,0.3784583605857302,0.626381484247684
INFJ,0.9681352220532207,0.734736011393542,0.5712783901074171,0.6855340681289005,0.3756792000684036,1.0304983267706869,0.22138394902705777,0.626381484247684
INFJ,1.1623510122287048,0.734736011393542,0.8369077144657322,0.938544295588395,0.6166717326782725,1.5096527618631859,0.8212262586398458,0.7520386983881371
INFJ,1.0713282822734516,0.734736011393542,0.7208730677823432,0.7817240923411096,0.5136328170831009,1.175091664448655,0.5002947396032887,0.6931471805599453
INFJ,1.1623510122287048,0.8530020935900732,0.8369077144657322,0.7817240923411096,0.5136328170831009,1.175091664448655,0.599842309612788,0.8047189562170501
INFJ,1.2437736187290729,0.8530020935900732,0.7208730677823432,0.7817240923411096,0.5683806880591552,1.0304983267706869,0.684008580798471,0.7520386983881371
INFJ,1.1623510122287048,0.8530020935900732,0.3604365338911716,0.2530102274594946,0.2841903440295776,0.0,0.3784583605857302,0.626381484247684
INFJ,0.9681352220532207,0.5822645129940982,0.7208730677823432,0.7817240923411096,0.3756792000684036,1.175091664448655,0.3784583605857302,0.5493061443340549
INFJ,0.9681352220532207,0.734736011393542,0.8369077144657322,0.938544295588395,0.5136328170831009,1.3003441107304572,0.22138394902705777,0.7520386983881371
INFJ,1.0713282822734516,0.734736011393542,0.3604365338911716,0.2530102274594946,0.45043103835392506,1.4108245981761451,0.599842309612788,0.626381484247684
INFJ,1.1623510122287048,0.8530020935900732,0.5712783901074171,0.43252384066940586,0.45043103835392506,0.38032627140545816,0.3784583605857302,0.6931471805599453
INFJ,1.0713282822734516,0.734736011393542,0.5712783901074171,0.7817240923411096,0.5136328170831009,1.175091664448655,0.684008580798471,0.626381484247684
INFJ,1.1623510122287048,0.8530020935900732,0.7208730677823432,0.5717654166894728,0.3756792000684036,0.6501720553652286,0.22138394902705777,0.7520386983881371
INFJ,1.1623510122287048,0.8530020935900732,0.8369077144657322,1.0042892573588786,0.6598695440979812,1.175091664448655,0.8787531001890189,0.8047189562170501
INFJ,1.0713282822734516,0.734736011393542,0.7208730677823432,0.938544295588395,0.6166717326782725,1.175091664448655,0.599842309612788,0.7520386983881371
INFJ,0.8490075766827154,0.8530020935900732,0.5712783901074171,0.8650476813388117,0.0,0.0,0.0,0.5493061443340549
INFJ,0.9681352220532207,0.734736011393542,0.5712783901074171,0.5717654166894728,0.45043103835392506,0.6501720553652286,0.22138394902705777,0.6931471805599453
INFJ,1.0713282822734516,0.5822645129940982,0.8369077144657322,0.938544295588395,0.3756792000684036,1.175091664448655,0.3784583605857302,0.5493061443340549
INFJ,1.0713282822734516,0.734736011393542,0.8369077144657322,0.938544295588395,0.5683806880591552,1.175091664448655,0.5002947396032887,0.7520386983881371
INFJ,1.2437736187290729,0.8530020935900732,0.5712783901074171,0.6855340681289005,0.3756792000684036,1.3003441107304572,0.0,0.7520386983881371
INFJ,1.1623510122287048,0.8530020935900732,0.7208730677823432,0.6855340681289005,0.5136328170831009,0.38032627140545816,0.684008580798471,0.6931471805599453
INFJ,1.0713282822734516,0.734736011393542,0.7208730677823432,0.7817240923411096,0.5683806880591552,1.0304983267706869,0.5002947396032887,0.7520386983881371
INFJ,1.0713282822734516,0.734736011393542,0.7208730677823432,0.7817240923411096,0.5136328170831009,1.0304983267706869,0.5002947396032887,0.6931471805599453
INFJ,1.2437736187290729,0.8530020935900732,0.8369077144657322,0.6855340681289005,0.5136328170831009,0.0,0.22138394902705777,0.8047189562170501
INFJ,1.2437736187290729,0.8530020935900732,0.8369077144657322,1.0042892573588786,0.6598695440979812,1.5096527618631859,0.8787531001890189,0.8047189562170501
INFJ,1.1623510122287048,0.8530020935900732,0.7208730677823432,0.6855340681289005,0.3756792000684036,1.3003441107304572,0.0,0.7520386983881371
INFJ,1.2437736187290729,0.8530020935900732,0.7208730677823432,0.6855340681289005,0.3756792000684036,1.0304983267706869,0.3784583605857302,0.6931471805599453
INFJ,1.1623510122287048,0.8530020935900732,0.0,0.5717654166894728,0.1662406943243474,0.38032627140545816,0.5002947396032887,0.626381484247684
INTP,1.2151256238877457,0.6759639232223221,0.36254205526047617,0.5261604467680546,0.6481812503141848,0.7360702334076336,0.7385303298905691,1.455609079175885
INTP,1.2151256238877457,0.6759639232223221,0.0,0.0,0.0,0.0,0.0,1.153542903101515
INTP,1.135578434566087,0.6759639232223221,0.36254205526047617,0.3848421073871452,0.5406115318057516,0.8393511888918966,0.558676627531316,1.3154011169201363
INTP,1.2151256238877457,0.6759639232223221,0.531114511103253,0.5822436316703541,0.7391301514122672,1.0077318558401038,0.7385303298905691,1.5792812666150875
INTP,1.135578434566087,0.6759639232223221,0.45747713916956384,0.46141716124060617,0.8179136730607356,0.7360702334076336,1.0097269526072667,1.5792812666150875
INTP,1.135578434566087,0.6759639232223221,0.45747713916956384,0.5261604467680546,0.6481812503141848,1.0077318558401038,0.558676627531316,1.455609079175885
INTP,1.0466522426455174,0.5822436316703541,0.36254205526047617,0.46141716124060617,0.5406115318057516,0.613914790355684,0.0,1.455609079175885
INTP,1.2151256238877457,0.6759639232223221,0.531114511103253,0.6759639232223221,0.9495683683361192,1.0783234013308471,1.297206957421885,1.689909808055805
INTP,1.2151256238877457,0.6759639232223221,0.36254205526047617,0.3848421073871452,0.8179136730607356,0.7360702334076336,1.0097269526072667,1.5792812666150875
INTP,0.9458360412140029,0.5822436316703541,0.531114511103253,0.5261604467680546,0.6481812503141848,0.8393511888918966,0.0,1.5792812666150875
INTP,0.8294522779444229,0.5822436316703541,0.36254205526047617,0.29112181583517704,0.6481812503141848,0.4644086109751634,0.558676627531316,1.455609079175885
INTP,0.9458360412140029,0.6759639232223221,0.22873856958478192,0.17029534540542907,0.8179136730607356,0.0,0.558676627531316,1.689909808055805
INTP,1.135578434566087,0.6759639232223221,0.531114511103253,0.6759639232223221,0.6481812503141848,0.8393511888918966,0.0,1.689909808055805
INTP,0.8294522779444229,0.5822436316703541,0.36254205526047617,0.29112181583517704,0.5406115318057516,0.27166162243247016,0.558676627531316,1.3154011169201363
INTP,0.9458360412140029,0.46141716124060617,0.22873856958478192,0.29112181583517704,0.5406115318057516,0.8393511888918966,0.0,1.3154011169201363
INTP,1.2151256238877457,0.6759639232223221,0.22873856958478192,0.3848421073871452,0.4089568365303678,0.7360702334076336,0.0,1.455609079175885
INTP,0.6917995025649871,0.29112181583517704,0.531114511103253,0.5261604467680546,0.239224413783817,0.4644086109751634,0.0,0.7278045395879424
INTP,1.0466522426455174,0.6759639232223221,0.45747713916956384,0.5261604467680546,0.5406115318057516,0.7360702334076336,0.3268048771351805,1.455609079175885
INTP,0.9458360412140029,0.46141716124060617,0.22873856958478192,0.3848421073871452,0.6481812503141848,0.8393511888918966,0.7385303298905691,1.153542903101515
INTP,1.2151256238877457,0.6759639232223221,0.531114511103253,0.46141716124060617,0.8179136730607356,1.0783234013308471,0.558676627531316,1.689909808055805
INTP,0.8294522779444229,0.46141716124060617,0.45747713916956384,0.5261604467680546,0.239224413783817,0.9288172219503268,0.3268048771351805,0.7278045395879424
INTP,1.0466522426455174,0.5822436316703541,0.45747713916956384,0.46141716124060617,0.4089568365303678,0.8393511888918966,1.0097269526072667,1.153542903101515
INTP,1.0466522426455174,0.6759639232223221,0.45747713916956384,0.5261604467680546,0.5406115318057516,0.7360702334076336,0.0,1.5792812666150875
INTP,1.135578434566087,0.6759639232223221,0.36254205526047617,0.3848421073871452,0.7391301514122672,0.4644086109751634,0.8854815046664966,1.455609079175885
INTP,0.8294522779444229,0.5822436316703541,0.45747713916956384,0.5261604467680546,0.4089568365303678,0.9288172219503268,0.558676627531316,1.153542903101515
INTP,1.0466522426455174,0.6759639232223221,0.45747713916956384,0.6317125066460352,0.5406115318057516,0.9288172219503268,0.558676627531316,1.455609079175885
INTP,1.0466522426455174,0.6759639232223221,0.531114511103253,0.6317125066460352,0.8179136730607356,0.9288172219503268,0.7385303298905691,1.689909808055805
INTP,1.2151256238877457,0.6759639232223221,0.0,0.0,0.0,0.7360702334076336,0.8854815046664966,1.153542903101515
INTP,1.135578434566087,0.5822436316703541,0.531114511103253,0.5261604467680546,0.6481812503141848,0.27166162243247016,0.3268048771351805,1.455609079175885
INTP,1.0466522426455174,0.5822436316703541,0.45747713916956384,0.46141716124060617,0.6481812503141848,0.0,0.7385303298905691,1.153542903101515
INTP,1.2151256238877457,0.6759639232223221,0.45747713916956384,0.46141716124060617,0.7391301514122672,0.7360702334076336,1.2122863818016771,1.455609079175885
INTP,1.2151256238877457,0.6759639232223221,0.36254205526047617,0.3848421073871452,0.7391301514122672,0.7360702334076336,0.3268048771351805,1.689909808055805
INTP,1.0466522426455174,0.6759639232223221,0.22873856958478192,0.3848421073871452,0.6481812503141848,0.8393511888918966,0.7385303298905691,1.455609079175885
INTP,1.2151256238877457,0.6759639232223221,0.0,0.3848421073871452,0.5406115318057516,0.0,1.117353255062632,1.3154011169201363
INTP,1.135578434566087,0.6759639232223221,0.36254205526047617,0.3848421073871452,0.5406115318057516,0.4644086109751634,0.8854815046664966,1.455609079175885
INTP,1.0466522426455174,0.5822436316703541,0.36254205526047617,0.5261604467680546,0.5406115318057516,0.9288172219503268,0.558676627531316,1.3154011169201363
INTP,1.0466522426455174,0.6759639232223221,0.45747713916956384,0.3848421073871452,0.4089568365303678,0.0,0.0,1.455609079175885
INTP,1.2151256238877457,0.6759639232223221,0.531114511103253,0.5261604467680546,0.8179136730607356,0.613914790355684,0.558676627531316,1.689909808055805
INTP,0.9458360412140029,0.5822436316703541,0.45747713916956384,0.5261604467680546,0.8874056640980019,0.7360702334076336,1.0097269526072667,1.455609079175885
INTP,1.0466522426455174,0.5822436316703541,0.36254205526047617,0.5261604467680546,0.5406115318057516,0.7360702334076336,0.558676627531316,1.153542903101515
INTP,0.9458360412140029,0.46141716124060617,0.45747713916956384,0.46141716124060617,0.6481812503141848,0.4644086109751634,0.7385303298905691,1.153542903101515
INTP,1.0466522426455174,0.46141716124060617,0.531114511103253,0.6317125066460352,0.6481812503141848,0.9288172219503268,0.558676627531316,1.3154011169201363
INTP,0.5233261213227587,0.0,0.0,0.17029534540542907,0.4089568365303678,0.27166162243247016,0.7385303298905691,0.0
INTP,1.135578434566087,0.5822436316703541,0.45747713916956384,0.6317125066460352,0.239224413783817,0.4644086109751634,0.0,1.153542903101515
INTP,1.135578434566087,0.5822436316703541,0.36254205526047617,0.29112181583517704,0.8179136730607356,0.4644086109751634,0.8854815046664966,1.455609079175885
INTP,1.135578434566087,0.5822436316703541,0.36254205526047617,0.5261604467680546,0.5406115318057516,1.0077318558401038,0.558676627531316,1.3154011169201363
ESFP,0.9077229826128325,1.171670800252025,0.0,0.0,0.5493061443340549,0.17029534540542907,0.5222857171682683,0.313190742123842
ESFP,0.7818700196716182,1.0092222948952805,0.3188477030575748,0.6751877371116372,0.45814536593707755,0.29112181583517704,0.23111511162165368,0.313190742123842
ESFP,0.6196173308088139,0.799789746150384,0.740341439719686,1.2203038799816532,0.6931471805599453,0.5261604467680546,0.5222857171682683,0.313190742123842
ESFP,0.9077229826128325,1.171670800252025,0.740341439719686,1.567737376122933,0.45814536593707755,0.6317125066460352,0.0,0.37601934919406854
ESFP,0.7818700196716182,1.171670800252025,0.6376954061151496,1.4651067514258012,0.7520386983881371,0.5261604467680546,0.9173796100874371,0.37601934919406854
ESFP,0.7065583142313875,1.0092222948952805,0.6376954061151496,1.0701472442687192,0.5493061443340549,0.5261604467680546,0.7140748920423597,0.27465307216702745
ESFP,0.7818700196716182,1.171670800252025,0.5053616527873305,1.2203038799816532,0.45814536593707755,0.29112181583517704,0.23111511162165368,0.34657359027997264
ESFP,0.8482996517818185,1.171670800252025,0.6376954061151496,0.8925496390112959,0.7520386983881371,0.0,0.6262090045408225,0.40235947810852507
ESFP,0.8482996517818185,1.171670800252025,0.740341439719686,1.3503754742232743,0.626381484247684,0.46141716124060617,0.3950938929191688,0.40235947810852507
ESFP,0.9077229826128325,1.171670800252025,0.740341439719686,1.3503754742232743,0.45814536593707755,0.3848421073871452,0.23111511162165368,0.34657359027997264
ESFP,0.9077229826128325,1.171670800252025,0.3188477030575748,0.6751877371116372,0.5493061443340549,0.3848421073871452,0.5222857171682683,0.313190742123842
ESFP,0.9077229826128325,1.171670800252025,0.6376954061151496,1.0701472442687192,0.5493061443340549,0.46141716124060617,0.3950938929191688,0.37601934919406854
ESFP,0.5167879727770235,0.0,0.3188477030575748,1.2203038799816532,0.626381484247684,0.29112181583517704,0.5222857171682683,0.22907268296853878
ESFP,0.8482996517818185,1.0092222948952805,0.740341439719686,1.3503754742232743,0.34657359027997264,0.3848421073871452,0.23111511162165368,0.313190742123842
ESFP,0.8482996517818185,1.171670800252025,0.740341439719686,1.567737376122933,0.8047189562170501,0.5822436316703541,0.7140748920423597,0.40235947810852507
ESFP,0.6196173308088139,0.799789746150384,0.740341439719686,1.4651067514258012,0.6931471805599453,0.5261604467680546,0.3950938929191688,0.34657359027997264
ESFP,0.9077229826128325,1.171670800252025,0.3188477030575748,0.6751877371116372,0.626381484247684,0.46141716124060617,0.7901877858383376,0.34657359027997264
ESFP,0.7818700196716182,1.0092222948952805,0.740341439719686,1.3503754742232743,0.7520386983881371,0.46141716124060617,0.6262090045408225,0.37601934919406854
INTJ,1.195741530437138,0.8539573264498526,0.7208730677823432,0.5136328170831009,0.6042367587674604,0.871923026072776,0.29112181583517704,1.221443894282984
INTJ,1.1021040170903131,0.8539573264498526,0.3604365338911716,0.1662406943243474,0.6890196326724525,0.4824304376697219,0.29112181583517704,1.3516370020918935
INTJ,1.195741530437138,0.9914137540594058,0.3604365338911716,0.1662406943243474,0.3812309493079699,0.0,0.17029534540542907,1.221443894282984
INTJ,1.2795031403851098,0.9914137540594058,0.5712783901074171,0.3756792000684036,0.6890196326724525,0.4824304376697219,0.5261604467680546,1.3516370020918935
INTJ,1.195741530437138,0.9914137540594058,0.5712783901074171,0.2841903440295776,0.7624618986159398,0.4824304376697219,0.46141716124060617,1.569201964623248
INTJ,0.9959465599538176,0.8539573264498526,0.3604365338911716,0.2841903440295776,0.5039599025307854,0.6377383493844119,0.5261604467680546,1.0711469814514072
INTJ,1.195741530437138,0.8539573264498526,0.8369077144657322,0.45043103835392506,0.5039599025307854,0.6377383493844119,0.17029534540542907,1.221443894282984
INTJ,0.9959465599538176,0.8539573264498526,0.3604365338911716,0.3756792000684036,0.7624618986159398,0.6377383493844119,0.29112181583517704,1.4664754618568674
INTJ,1.1021040170903131,0.8539573264498526,0.5712783901074171,0.2841903440295776,0.3812309493079699,0.6377383493844119,0.29112181583517704,1.0711469814514072
INTJ,0.7284511318399534,0.8539573264498526,0.5712783901074171,0.3756792000684036,0.5039599025307854,1.0468378681562867,0.0,1.3516370020918935
INTJ,1.1021040170903131,0.9914137540594058,0.0,0.0,0.0,0.0,0.0,1.0711469814514072
INTJ,0.3223447609459907,0.0,0.5712783901074171,0.5683806880591552,0.6890196326724525,1.0468378681562867,0.6317125066460352,0.3953284804054603
INTJ,1.195741530437138,0.9914137540594058,0.8369077144657322,0.6166717326782725,0.8272425682269509,0.9648608753394438,0.5822436316703541,1.569201964623248
INTJ,0.8733967694911473,0.6767451698195556,0.8369077144657322,0.6166717326782725,0.3812309493079699,0.871923026072776,0.17029534540542907,0.8933834635773014
INTJ,1.195741530437138,0.9914137540594058,0.5712783901074171,0.2841903440295776,0.5039599025307854,0.4824304376697219,0.17029534540542907,1.3516370020918935
INTJ,1.1021040170903131,0.8539573264498526,0.7208730677823432,0.45043103835392506,0.6042367587674604,0.9648608753394438,0.5261604467680546,1.0711469814514072
INTJ,1.1021040170903131,0.8539573264498526,0.3604365338911716,0.1662406943243474,0.5039599025307854,0.4824304376697219,0.17029534540542907,1.221443894282984
INTJ,1.2795031403851098,0.9914137540594058,0.0,0.0,0.5039599025307854,0.871923026072776,0.0,1.4664754618568674
INTJ,1.1021040170903131,0.6767451698195556,0.7208730677823432,0.5136328170831009,0.3812309493079699,0.871923026072776,0.46141716124060617,0.8933834635773014
INTJ,0.8733967694911473,0.8539573264498526,0.8369077144657322,0.45043103835392506,0.3812309493079699,0.4824304376697219,0.0,1.221443894282984
INTJ,0.9959465599538176,0.9914137540594058,0.5712783901074171,0.5683806880591552,0.6890196326724525,0.6377383493844119,0.46141716124060617,1.4664754618568674
INTJ,1.1021040170903131,0.8539573264498526,0.5712783901074171,0.3756792000684036,0.6042367587674604,0.4824304376697219,0.46141716124060617,1.221443894282984
INTJ,1.1021040170903131,0.8539573264498526,0.5712783901074171,0.2841903440295776,0.5039599025307854,0.4824304376697219,0.0,1.3516370020918935
INTJ,1.195741530437138,0.9914137540594058,0.5712783901074171,0.3756792000684036,0.3812309493079699,0.7646341529130044,0.0,1.3516370020918935
INTJ,0.9959465599538176,0.8539573264498526,0.7208730677823432,0.45043103835392506,0.5039599025307854,0.4824304376697219,0.0,1.3516370020918935
INTJ,0.9959465599538176,0.4269786632249263,0.5712783901074171,0.45043103835392506,0.3812309493079699,1.0468378681562867,0.0,0.8933834635773014
INTJ,1.2795031403851098,0.9914137540594058,0.8369077144657322,0.6598695440979812,0.8851908518387552,1.1201687870541337,0.46141716124060617,1.569201964623248
INTJ,0.8733967694911473,0.8539573264498526,0.7208730677823432,0.45043103835392506,0.5039599025307854,0.871923026072776,0.0,1.3516370020918935
INTJ,1.2795031403851098,0.9914137540594058,0.3604365338911716,0.1662406943243474,0.6890196326724525,0.2822037152432824,0.46141716124060617,1.3516370020918935
INTJ,1.2795031403851098,0.9914137540594058,0.7208730677823432,0.5136328170831009,0.7624618986159398,0.7646341529130044,0.3848421073871452,1.569201964623248
INTJ,1.1021040170903131,0.8539573264498526,0.8369077144657322,0.5683806880591552,0.6890196326724525,1.0468378681562867,0.3848421073871452,1.3516370020918935
INTJ,1.1021040170903131,0.8539573264498526,0.5712783901074171,0.45043103835392506,0.3812309493079699,0.7646341529130044,0.29112181583517704,1.0711469814514072
INTJ,1.2795031403851098,0.9914137540594058,0.8369077144657322,0.5136328170831009,0.3812309493079699,0.7646341529130044,0.17029534540542907,1.221443894282984
INTJ,0.7284511318399534,0.6767451698195556,0.0,0.0,0.22300580945949042,0.6377383493844119,0.29112181583517704,0.6758185010459468
INTJ,1.195741530437138,0.9914137540594058,0.7208730677823432,0.5136328170831009,0.3812309493079699,0.871923026072776,0.17029534540542907,1.221443894282984
INTJ,1.195741530437138,0.8539573264498526,0.7208730677823432,0.45043103835392506,0.3812309493079699,0.7646341529130044,0.0,1.221443894282984
INTJ,0.0,0.0,0.0,0.0,0.0,0.0,0.0,0.0
ENFP,0.8843975093044492,0.8816832136722504,0.45747713916956384,0.5932506358807793,0.35316010916221124,0.3535050620855721,0.0,0.43944491546724396
ENFP,0.8151410843384956,0.6987174155929178,0.531114511103253,0.7485989550047409,0.7980892274623892,0.8208133353413911,0.0,0.5011051873981472
ENFP,0.8151410843384956,1.0236025123080879,0.36254205526047617,0.37429947750237047,0.0,0.0,0.0,0.43944491546724396
ENFP,0.8151410843384956,1.0236025123080879,0.531114511103253,0.8122017942591881,1.0911565455594656,0.7070101241711442,0.7476978636700131,0.6437751649736402
ENFP,0.8151410843384956,0.8816832136722504,0.45747713916956384,0.5932506358807793,1.2074623885354248,0.46730827325581914,0.9884028124726513,0.5545177444479562
ENFP,0.8151410843384956,0.6987174155929178,0.531114511103253,0.8122017942591881,1.310051412592135,0.6389091139326377,1.3513554141159538,0.5011051873981472
ENFP,0.8843975093044492,1.0236025123080879,0.36254205526047617,0.5932506358807793,0.7980892274623892,0.560292267220736,0.7476978636700131,0.5545177444479562
ENFP,0.7366246254752764,0.6987174155929178,0.531114511103253,0.6764920029874988,1.0911565455594656,0.8208133353413911,1.3513554141159538,0.3665162927496621
ENFP,0.6459840257368485,0.8816832136722504,0.531114511103253,0.8122017942591881,0.35316010916221124,0.560292267220736,0.7476978636700131,0.43944491546724396
ENFP,0.6459840257368485,1.0236025123080879,0.0,0.21895115837840878,1.2074623885354248,0.0,1.1850730757862902,0.6016309587105098
ENFP,0.9463494925112509,1.0236025123080879,0.36254205526047617,0.5932506358807793,1.310051412592135,0.46730827325581914,1.7361006761426643,0.6016309587105098
ENFP,0.8843975093044492,1.0236025123080879,0.45747713916956384,0.6764920029874988,1.2074623885354248,0.560292267220736,0.9884028124726513,0.6016309587105098
ENFP,0.8843975093044492,0.8816832136722504,0.531114511103253,0.6764920029874988,1.0911565455594656,0.560292267220736,0.9884028124726513,0.5545177444479562
ENFP,0.8151410843384956,0.6987174155929178,0.45747713916956384,0.5932506358807793,1.2074623885354248,0.6389091139326377,1.1850730757862902,0.5011051873981472
ENFP,0.9463494925112509,1.0236025123080879,0.531114511103253,0.5932506358807793,0.9568913034299238,0.6389091139326377,0.0,0.6437751649736402
ENFP,0.7366246254752764,0.8816832136722504,0.36254205526047617,0.6764920029874988,0.9568913034299238,0.6389091139326377,0.7476978636700131,0.5545177444479562
ENFP,0.8843975093044492,1.0236025123080879,0.45747713916956384,0.4947969952120438,0.6037311942677124,0.6389091139326377,1.1850730757862902,0.5011051873981472
ENFP,0.5387789503420032,0.6987174155929178,0.45747713916956384,0.7485989550047409,0.9568913034299238,0.560292267220736,1.1850730757862902,0.43944491546724396
ENFP,0.5387789503420032,0.8816832136722504,0.45747713916956384,0.4947969952120438,1.310051412592135,0.0,1.7361006761426643,0.5545177444479562
ENFP,0.0,0.0,0.0,0.0,0.0,0.0,0.0,0.0
ENFP,0.8151410843384956,1.0236025123080879,0.531114511103253,0.7485989550047409,1.0911565455594656,0.560292267220736,1.1850730757862902,0.6016309587105098
ENFP,0.8843975093044492,0.8816832136722504,0.22873856958478192,0.21895115837840878,1.2074623885354248,0.3535050620855721,1.1850730757862902,0.5011051873981472
ENFP,0.5387789503420032,0.6987174155929178,0.531114511103253,0.7485989550047409,1.0911565455594656,0.7670794723558998,0.7476978636700131,0.5011051873981472
ENFP,0.7366246254752764,1.0236025123080879,0.22873856958478192,0.4947969952120438,1.0911565455594656,0.20678720513516383,0.437375212116277,0.6437751649736402
ENFP,0.7366246254752764,0.8816832136722504,0.22873856958478192,0.4947969952120438,1.0911565455594656,0.46730827325581914,1.1850730757862902,0.5011051873981472
ENFP,0.8151410843384956,0.8816832136722504,0.45747713916956384,0.6764920029874988,0.9568913034299238,0.560292267220736,0.9884028124726513,0.5011051873981472
ENFP,0.8843975093044492,1.0236025123080879,0.36254205526047617,0.6764920029874988,0.9568913034299238,0.6389091139326377,0.7476978636700131,0.6016309587105098
ENFP,0.7366246254752764,0.4408416068361252,0.36254205526047617,0.4947969952120438,0.9568913034299238,0.20678720513516383,0.437375212116277,0.43944491546724396
ENFP,0.8151410843384956,0.6987174155929178,0.531114511103253,0.6764920029874988,0.7980892274623892,0.7070101241711442,0.7476978636700131,0.43944491546724396
ENFP,0.6459840257368485,0.8816832136722504,0.36254205526047617,0.37429947750237047,1.310051412592135,0.20678720513516383,1.4953957273400262,0.6016309587105098
ENFP,0.8151410843384956,0.8816832136722504,0.36254205526047617,0.5932506358807793,1.2074623885354248,0.20678720513516383,0.9884028124726513,0.5545177444479562
ENFP,0.7366246254752764,0.8816832136722504,0.0,0.21895115837840878,1.2074623885354248,0.7670794723558998,1.3513554141159538,0.5011051873981472
ENFP,0.7366246254752764,0.8816832136722504,0.36254205526047617,0.37429947750237047,0.7980892274623892,0.3535050620855721,0.9884028124726513,0.5011051873981472
ENFP,0.6459840257368485,0.4408416068361252,0.531114511103253,0.8690964727144143,0.7980892274623892,0.560292267220736,0.0,0.43944491546724396
ENFP,0.8843975093044492,1.0236025123080879,0.45747713916956384,0.5932506358807793,1.0911565455594656,0.20678720513516383,1.3513554141159538,0.5545177444479562
ENFP,0.8151410843384956,1.0236025123080879,0.45747713916956384,0.6764920029874988,1.4018204217301016,0.560292267220736,1.6224482879025672,0.6437751649736402
ESFJ,0.939572226371526,1.3606479154391729,1.0813096016735146,0.8283536656557549,0.5136328170831009,0.3023759415184712,0.2564644568071798,0.41588830833596724
ESFJ,1.2070784343255752,1.5796633110540699,0.0,0.0,0.3756792000684036,0.0,0.0,0.4512232190328823
ESFJ,1.1280580475822055,1.5796633110540699,0.5406548008367573,0.5226329741421988,0.1662406943243474,0.22873856958478195,0.0,0.37582889054861046
ESFJ,1.2070784343255752,1.5796633110540699,1.0813096016735146,0.6908832118331131,0.2841903440295776,0.0,0.0,0.41588830833596724
ESFJ,1.2070784343255752,1.5796633110540699,0.5406548008367573,0.6908832118331131,0.45043103835392506,0.4574771391695639,0.2564644568071798,0.41588830833596724
ESFJ,1.1280580475822055,1.3606479154391729,0.8569175851611257,0.5226329741421988,0.3756792000684036,0.3625420552604762,0.33902757079343737,0.32958368660043297
ESFJ,1.2070784343255752,1.5796633110540699,1.2553615716985982,1.2135161859753119,0.6598695440979812,0.5311145111032531,0.5954920276006171,0.48283137373023016
ESFJ,1.0397207708399179,1.07828796132775,0.8569175851611257,0.8283536656557549,0.45043103835392506,0.3625420552604762,0.33902757079343737,0.32958368660043297
ESFJ,1.0397207708399179,1.3606479154391729,1.0813096016735146,0.9445832782455077,0.5136328170831009,0.3023759415184712,0.4064865468072006,0.41588830833596724
ESFJ,1.0397207708399179,1.3606479154391729,1.2553615716985982,0.9445832782455077,0.2841903440295776,0.3023759415184712,0.1500220900000208,0.32958368660043297
ESFJ,1.1280580475822055,1.5796633110540699,0.5406548008367573,0.5226329741421988,0.2841903440295776,0.13380348567569425,0.2564644568071798,0.37582889054861046
ESFJ,1.1280580475822055,1.5796633110540699,1.2553615716985982,1.2135161859753119,0.5683806880591552,0.4134117796034715,0.33902757079343737,0.48283137373023016
ESFJ,1.2070784343255752,1.5796633110540699,1.0813096016735146,0.6908832118331131,0.3756792000684036,0.0,0.0,0.4512232190328823
ESFJ,1.1280580475822055,1.5796633110540699,0.5406548008367573,0.305720691513556,0.1662406943243474,0.3023759415184712,0.0,0.37582889054861046
ESFJ,0.0,0.0,0.0,0.0,0.0,0.0,0.0,0.0
ESFJ,1.2070784343255752,1.5796633110540699,1.0813096016735146,0.9445832782455077,0.5136328170831009,0.4134117796034715,0.4064865468072006,0.4512232190328823
ESFJ,1.1280580475822055,1.5796633110540699,1.0813096016735146,0.9445832782455077,0.3756792000684036,0.3625420552604762,0.2564644568071798,0.37582889054861046
ESFJ,1.1280580475822055,1.5796633110540699,1.0813096016735146,1.0452659482843976,0.5136328170831009,0.4134117796034715,0.4635222983432862,0.4512232190328823
ESFJ,0.939572226371526,1.5796633110540699,0.8569175851611257,0.8283536656557549,0.45043103835392506,0.4574771391695639,0.33902757079343737,0.41588830833596724
ESFJ,1.1280580475822055,1.3606479154391729,1.0813096016735146,0.9445832782455077,0.5136328170831009,0.22873856958478195,0.1500220900000208,0.4512232190328823
ESFJ,1.0397207708399179,1.5796633110540699,1.0813096016735146,0.8283536656557549,0.6166717326782725,0.3023759415184712,0.5954920276006171,0.4512232190328823
ESFJ,1.1280580475822055,1.5796633110540699,0.8569175851611257,0.9445832782455077,0.1662406943243474,0.22873856958478195,0.0,0.37582889054861046
ISTP,1.2504375137301413,0.6115864067249582,0.5053616527873305,0.42351292732212664,0.5822436316703541,0.0,0.47647118057456067,0.909966825049646
ISTP,1.129992197582822,0.5267918572255585,0.3188477030575748,0.2477391810540885,0.29112181583517704,0.637738349384412,0.47647118057456067,0.7579215959396978
ISTP,1.3566778118921994,0.5267918572255585,0.3188477030575748,0.76543817375067,0.46141716124060617,1.120168787054134,0.8369077144657322,0.5543558927838639
ISTP,1.2504375137301413,0.4174726696938818,0.6376954061151496,0.6712521083762152,0.6317125066460352,0.964860875339444,0.7208730677823432,0.7579215959396978
ISTP,0.3657295275135643,0.0,0.5053616527873305,0.42351292732212664,0.5822436316703541,0.7646341529130045,0.3604365338911716,0.6646604346442065
ISTP,1.2504375137301413,0.5267918572255585,0.6376954061151496,0.6712521083762152,0.3848421073871452,0.0,0.0,0.838708088477534
ISTP,1.3566778118921994,0.5267918572255585,0.3188477030575748,0.2477391810540885,0.17029534540542907,0.482430437669722,0.0,0.6646604346442065
ISTP,1.2504375137301413,0.6115864067249582,0.5053616527873305,0.42351292732212664,0.29112181583517704,0.2822037152432824,0.2108418562162455,0.7579215959396978
ISTP,1.3566778118921994,0.6115864067249582,0.5053616527873305,0.42351292732212664,0.5261604467680546,0.482430437669722,0.3604365338911716,0.909966825049646
ISTP,1.2504375137301413,0.5267918572255585,0.5053616527873305,0.6712521083762152,0.3848421073871452,0.8719230260727763,0.47647118057456067,0.6646604346442065
ISTP,1.129992197582822,0.4174726696938818,0.6376954061151496,0.76543817375067,0.5261604467680546,0.7646341529130045,0.2108418562162455,0.838708088477534
ISTP,1.2504375137301413,0.5267918572255585,0.6376954061151496,0.8470258546442533,0.5261604467680546,1.0468378681562869,0.3604365338911716,0.909966825049646
ISTP,1.129992197582822,0.5267918572255585,0.3188477030575748,0.42351292732212664,0.29112181583517704,0.2822037152432824,0.0,0.7579215959396978
ISTP,1.129992197582822,0.4174726696938818,0.3188477030575748,0.2477391810540885,0.3848421073871452,0.7646341529130045,0.2108418562162455,0.6646604346442065
ISTP,1.129992197582822,0.5267918572255585,0.6376954061151496,0.8470258546442533,0.3848421073871452,0.637738349384412,0.2108418562162455,0.838708088477534
ISTP,1.129992197582822,0.4174726696938818,0.5053616527873305,0.42351292732212664,0.3848421073871452,0.2822037152432824,0.2108418562162455,0.7579215959396978
ISTP,1.3566778118921994,0.6115864067249582,0.3188477030575748,0.42351292732212664,0.29112181583517704,0.7646341529130045,0.47647118057456067,0.7579215959396978
ISTP,0.990948284378635,0.6115864067249582,0.3188477030575748,0.42351292732212664,0.3848421073871452,0.8719230260727763,0.2108418562162455,0.838708088477534
ISTP,0.8264942401504879,0.2633959286127793,0.3188477030575748,0.5598536371751088,0.3848421073871452,0.7646341529130045,0.5712783901074171,0.419354044238767
ISTP,1.4517129970155584,0.6115864067249582,0.5053616527873305,0.6712521083762152,0.46141716124060617,0.964860875339444,0.47647118057456067,0.838708088477534
ISTP,1.2504375137301413,0.6115864067249582,0.3188477030575748,0.42351292732212664,0.5261604467680546,0.482430437669722,0.2108418562162455,0.9737099370226309
ISTP,1.129992197582822,0.5267918572255585,0.5053616527873305,0.8470258546442533,0.17029534540542907,0.7646341529130045,0.0,0.6646604346442065
ISTP,1.2504375137301413,0.5267918572255585,0.3188477030575748,0.2477391810540885,0.46141716124060617,0.7646341529130045,0.2108418562162455,0.838708088477534
ISTP,1.3566778118921994,0.5267918572255585,0.740341439719686,0.9833665644972355,0.46141716124060617,0.8719230260727763,0.0,0.909966825049646
ISTP,1.3566778118921994,0.5267918572255585,0.740341439719686,0.9189912894303036,0.3848421073871452,0.0,0.0,0.838708088477534
ISTP,1.3566778118921994,0.6115864067249582,0.740341439719686,0.6712521083762152,0.46141716124060617,0.637738349384412,0.0,0.9737099370226309
ISTP,1.4517129970155584,0.6115864067249582,0.5053616527873305,0.76543817375067,0.46141716124060617,0.964860875339444,0.7208730677823432,0.838708088477534
ISTP,1.2504375137301413,0.5267918572255585,0.3188477030575748,0.2477391810540885,0.46141716124060617,0.7646341529130045,0.2108418562162455,0.838708088477534
ISTP,1.2504375137301413,0.5267918572255585,0.5053616527873305,0.6712521083762152,0.46141716124060617,0.7646341529130045,0.6514367436175914,0.7579215959396978
ISTP,1.129992197582822,0.6115864067249582,0.6376954061151496,0.9189912894303036,0.5261604467680546,0.8719230260727763,0.3604365338911716,0.909966825049646
ISTP,1.129992197582822,0.6115864067249582,0.3188477030575748,0.5598536371751088,0.3848421073871452,0.2822037152432824,0.47647118057456067,0.838708088477534
ISTP,1.129992197582822,0.5267918572255585,0.6376954061151496,0.76543817375067,0.5261604467680546,0.964860875339444,0.47647118057456067,0.838708088477534
ISTP,1.3566778118921994,0.6115864067249582,0.3188477030575748,0.42351292732212664,0.3848421073871452,0.482430437669722,0.6514367436175914,0.7579215959396978
ISFJ,1.0902295009627792,1.0868547791179943,0.9010913347279289,0.7854823812465959,0.3327106466687737,0.7266025217273134,0.3515559323737952,0.48520302639196167
ISFJ,1.4006294376749002,1.2617993233483347,1.0461346430821652,0.8692065644221716,0.21990977564979722,0.40202536472476824,0.0,0.5264270888716959
ISFJ,1.0902295009627792,1.0868547791179943,0.7140979876342713,0.4346032822110858,0.09731162594595945,0.0,0.0,0.3845143010338384
ISFJ,1.2064365307081961,1.0868547791179943,0.9010913347279289,0.6888299049949049,0.3006631124388883,0.5314486244870099,0.2932130341997297,0.48520302639196167
ISFJ,1.4006294376749002,1.2617993233483347,0.9010913347279289,0.7854823812465959,0.26366694928034634,0.6371951274275036,0.3515559323737952,0.3845143010338384
ISFJ,1.4006294376749002,1.2617993233483347,0.7140979876342713,0.6888299049949049,0.26366694928034634,0.7266025217273134,0.2932130341997297,0.48520302639196167
ISFJ,1.2064365307081961,1.2617993233483347,0.45054566736396445,0.4346032822110858,0.21990977564979722,0.5314486244870099,0.0,0.5264270888716959
ISFJ,1.2064365307081961,1.0868547791179943,1.0461346430821652,0.8692065644221716,0.21990977564979722,0.6371951274275036,0.22180709777918253,0.4384670389733788
ISFJ,1.0902295009627792,1.0868547791179943,0.45054566736396445,0.4346032822110858,0.26366694928034634,0.6371951274275036,0.22180709777918253,0.4384670389733788
ISFJ,1.4006294376749002,1.2617993233483347,0.7140979876342713,0.5745142888850954,0.21990977564979722,0.23516976270273532,0.0,0.5264270888716959
ISFJ,1.3089383953185203,1.2617993233483347,0.9010913347279289,0.6888299049949049,0.21990977564979722,0.6371951274275036,0.12974883459461262,0.48520302639196167
ISFJ,1.4006294376749002,1.2617993233483347,0.9010913347279289,0.6888299049949049,0.26366694928034634,0.40202536472476824,0.2932130341997297,0.5264270888716959
ISFJ,1.4006294376749002,1.2617993233483347,1.0461346430821652,1.009117571096181,0.26366694928034634,0.0,0.0,0.5633032693519351
ISFJ,1.4006294376749002,1.2617993233483347,0.45054566736396445,0.25422662278381913,0.21990977564979722,0.5314486244870099,0.0,0.5264270888716959
ISFJ,1.4006294376749002,1.2617993233483347,0.9010913347279289,0.6888299049949049,0.21990977564979722,0.6371951274275036,0.0,0.5264270888716959
ISFJ,1.2064365307081961,0.8613120343157981,1.0461346430821652,0.7854823812465959,0.21990977564979722,0.5314486244870099,0.0,0.4384670389733788
ISFJ,1.2064365307081961,1.2617993233483347,0.7140979876342713,0.7854823812465959,0.3006631124388883,0.40202536472476824,0.12974883459461262,0.5633032693519351
ISFJ,1.2064365307081961,1.2617993233483347,0.9010913347279289,0.8692065644221716,0.3006631124388883,0.7266025217273134,0.22180709777918253,0.5633032693519351
ISFJ,0.7974111723208023,0.5434273895589972,1.0461346430821652,0.9430565277787241,0.21990977564979722,0.9334739892117782,0.0,0.3845143010338384
ISFJ,0.9560783303363093,1.0868547791179943,0.9010913347279289,0.7854823812465959,0.3327106466687737,0.6371951274275036,0.3515559323737952,0.48520302639196167
ISFJ,0.9560783303363093,1.0868547791179943,0.7140979876342713,0.5745142888850954,0.3609785752263058,0.8040507294495365,0.3515559323737952,0.5264270888716959
ISFJ,1.4006294376749002,1.2617993233483347,1.0461346430821652,1.009117571096181,0.26366694928034634,0.8040507294495365,0.2932130341997297,0.5264270888716959
ISFJ,1.4006294376749002,1.2617993233483347,0.7140979876342713,0.5745142888850954,0.3609785752263058,0.6371951274275036,0.2932130341997297,0.5633032693519351
ISFJ,1.3089383953185203,1.2617993233483347,0.9010913347279289,0.7854823812465959,0.21990977564979722,0.40202536472476824,0.3515559323737952,0.4384670389733788
ISFJ,1.3089383953185203,1.2617993233483347,0.9010913347279289,0.7854823812465959,0.21990977564979722,0.7266025217273134,0.22180709777918253,0.4384670389733788
ISFJ,1.0902295009627792,1.0868547791179943,0.7140979876342713,0.5745142888850954,0.21990977564979722,0.7266025217273134,0.2932130341997297,0.4384670389733788
ISFJ,0.7974111723208023,0.8613120343157981,1.0461346430821652,0.6888299049949049,0.21990977564979722,0.23516976270273532,0.0,0.4384670389733788
ISFJ,1.3089383953185203,1.2617993233483347,0.45054566736396445,0.25422662278381913,0.09731162594595945,0.40202536472476824,0.0,0.4384670389733788
ISFJ,1.4006294376749002,1.2617993233483347,1.0461346430821652,1.009117571096181,0.26366694928034634,0.6371951274275036,0.0,0.5633032693519351
ISFJ,1.0902295009627792,0.8613120343157981,0.7140979876342713,0.6888299049949049,0.26366694928034634,0.5314486244870099,0.22180709777918253,0.4384670389733788
ISFJ,1.4006294376749002,1.2617993233483347,0.9010913347279289,0.6888299049949049,0.3006631124388883,0.40202536472476824,0.2932130341997297,0.5264270888716959
ISFJ,1.0902295009627792,1.0868547791179943,0.9010913347279289,0.7854823812465959,0.3327106466687737,0.5314486244870099,0.3515559323737952,0.48520302639196167
ISFJ,1.2064365307081961,1.0868547791179943,0.45054566736396445,0.4346032822110858,0.16635532333438685,0.40202536472476824,0.12974883459461262,0.3845143010338384
ISFJ,1.0902295009627792,0.8613120343157981,0.7140979876342713,0.4346032822110858,0.16635532333438685,0.0,0.0,0.3845143010338384
ISFJ,1.3089383953185203,1.2617993233483347,1.0461346430821652,0.6888299049949049,0.3327106466687737,0.5314486244870099,0.3515559323737952,0.5633032693519351
ISFJ,1.0902295009627792,0.5434273895589972,1.0461346430821652,0.8692065644221716,0.3327106466687737,0.7266025217273134,0.3515559323737952,0.4384670389733788
ISFJ,1.2064365307081961,0.8613120343157981,1.0461346430821652,0.6888299049949049,0.21990977564979722,0.40202536472476824,0.0,0.4384670389733788
ISFJ,1.3089383953185203,1.2617993233483347,0.45054566736396445,0.25422662278381913,0.09731162594595945,0.0,0.0,0.4384670389733788
ISFJ,1.3089383953185203,1.2617993233483347,0.7140979876342713,0.7854823812465959,0.26366694928034634,0.40202536472476824,0.12974883459461262,0.5264270888716959
ISFJ,1.3089383953185203,1.0868547791179943,1.0461346430821652,1.009117571096181,0.21990977564979722,0.5314486244870099,0.0,0.48520302639196167
ISFJ,1.4006294376749002,1.2617993233483347,1.0461346430821652,1.009117571096181,0.26366694928034634,0.0,0.0,0.5633032693519351
ISFJ,1.2064365307081961,1.0868547791179943,0.7140979876342713,0.5745142888850954,0.26366694928034634,0.40202536472476824,0.22180709777918253,0.48520302639196167
ISFJ,1.3089383953185203,1.2617993233483347,0.45054566736396445,0.5745142888850954,0.21990977564979722,0.5314486244870099,0.22180709777918253,0.48520302639196167
ENTP,0.7564358188440271,0.7081526814710042,0.45747713916956384,0.5386880764530083,1.7489411969714517,0.5822436316703541,1.5149008890009827,0.9776503079045783
ENTP,0.6515583497263485,0.4833894070139684,0.36254205526047617,0.596106575281553,1.7489411969714517,0.6317125066460352,1.6436106568752091,0.8142959295219893
ENTP,0.6515583497263485,0.609969518892752,0.45747713916956384,0.5386880764530083,1.7489411969714517,0.46141716124060617,1.6436106568752091,0.9010913347279289
ENTP,0.6515583497263485,0.4833894070139684,0.0,0.1743499964865107,0.0,0.46141716124060617,0.0,0.45054566736396445
ENTP,0.7564358188440271,0.7081526814710042,0.22873856958478192,0.3940050147058867,1.0654628630232676,0.3848421073871452,0.7574504445004914,0.8142959295219893
ENTP,0.588798595192823,0.609969518892752,0.36254205526047617,0.3940050147058867,1.0654628630232676,0.5261604467680546,0.4430801061873588,0.8142959295219893
ENTP,0.6515583497263485,0.609969518892752,0.36254205526047617,0.2980532876407765,1.4567127797664141,0.46141716124060617,0.7574504445004914,0.9776503079045783
ENTP,0.7069163764848488,0.7081526814710042,0.36254205526047617,0.3940050147058867,1.4567127797664141,0.3848421073871452,1.0012950230701205,0.9776503079045783
ENTP,0.7069163764848488,0.7081526814710042,0.36254205526047617,0.47240328412728727,1.2774663692632782,0.46141716124060617,1.2005305506878503,0.9010913347279289
ENTP,0.6515583497263485,0.609969518892752,0.22873856958478192,0.1743499964865107,1.0654628630232676,0.3848421073871452,1.0012950230701205,0.7140979876342713
ENTP,0.588798595192823,0.4833894070139684,0.45747713916956384,0.47240328412728727,1.4567127797664141,0.46141716124060617,0.7574504445004914,0.8142959295219893
ENTP,0.5163477756740116,0.609969518892752,0.45747713916956384,0.3940050147058867,1.0654628630232676,0.6317125066460352,0.0,0.9010913347279289
ENTP,0.588798595192823,0.609969518892752,0.531114511103253,0.596106575281553,1.4567127797664141,0.46141716124060617,0.7574504445004914,0.9776503079045783
ENTP,0.588798595192823,0.4833894070139684,0.45747713916956384,0.596106575281553,1.4567127797664141,0.5261604467680546,1.2005305506878503,0.7140979876342713
ENTP,0.5163477756740116,0.4833894070139684,0.531114511103253,0.596106575281553,1.4567127797664141,0.5261604467680546,0.7574504445004914,0.8142959295219893
ENTP,0.6515583497263485,0.4833894070139684,0.45747713916956384,0.596106575281553,1.4567127797664141,0.5822436316703541,1.6436106568752091,0.7140979876342713
ENTP,0.6515583497263485,0.609969518892752,0.36254205526047617,0.47240328412728727,1.0654628630232676,0.5822436316703541,0.7574504445004914,0.8142959295219893
ENTP,0.588798595192823,0.4833894070139684,0.45747713916956384,0.596106575281553,1.4567127797664141,0.5822436316703541,1.0012950230701205,0.8142959295219893
ENTP,0.6515583497263485,0.7081526814710042,0.0,0.0,1.2774663692632782,0.46141716124060617,1.2005305506878503,0.9776503079045783
ENTP,0.7069163764848488,0.7081526814710042,0.531114511103253,0.646753280613798,1.4567127797664141,0.46141716124060617,0.7574504445004914,1.0461346430821652
ENTP,0.6515583497263485,0.609969518892752,0.22873856958478192,0.2980532876407765,1.0654628630232676,0.3848421073871452,0.4430801061873588,0.8142959295219893
ENTP,0.7564358188440271,0.7081526814710042,0.36254205526047617,0.3940050147058867,1.2774663692632782,0.46141716124060617,0.7574504445004914,0.9010913347279289
ENTP,0.588798595192823,0.7081526814710042,0.0,0.1743499964865107,1.2774663692632782,0.0,1.2005305506878503,0.9776503079045783
ENTP,0.7564358188440271,0.7081526814710042,0.531114511103253,0.646753280613798,0.8059915415551044,0.29112181583517704,0.0,0.9010913347279289
ENTP,0.7564358188440271,0.7081526814710042,0.45747713916956384,0.5386880764530083,1.6119830831102089,0.46141716124060617,1.2005305506878503,1.0461346430821652
ENTP,0.7069163764848488,0.7081526814710042,0.531114511103253,0.596106575281553,1.8714544045783719,0.46141716124060617,1.7587454675706118,1.0461346430821652
ENTP,0.6515583497263485,0.609969518892752,0.36254205526047617,0.3940050147058867,1.7489411969714517,0.0,1.3689817890826834,0.9776503079045783
ENTP,0.5163477756740116,0.4833894070139684,0.36254205526047617,0.3940050147058867,1.0654628630232676,0.29112181583517704,0.0,0.8142959295219893
ENTP,0.588798595192823,0.609969518892752,0.531114511103253,0.596106575281553,1.2774663692632782,0.5822436316703541,0.7574504445004914,0.9010913347279289
ENTP,0.5163477756740116,0.4833894070139684,0.22873856958478192,0.2980532876407765,1.4567127797664141,0.5261604467680546,0.7574504445004914,0.8142959295219893
ENTP,0.7069163764848488,0.7081526814710042,0.22873856958478192,0.1743499964865107,1.4567127797664141,0.0,1.2005305506878503,0.9010913347279289
ISFP,0.6872180489056163,0.3257791748631743,0.0,0.0,0.3625420552604762,0.9568913034299238,1.0963491059501091,0.12163953243244933
ISFP,1.1280580475822055,0.6515583497263486,0.6376954061151496,1.017243530418239,0.4134117796034715,1.0911565455594656,0.6241772465526745,0.41588830833596724
ISFP,1.1280580475822055,0.7564358188440272,0.740341439719686,1.1256710212293513,0.4574771391695639,0.7980892274623892,0.6241772465526745,0.48283137373023016
ISFP,1.0397207708399179,0.6515583497263486,0.6376954061151496,1.1256710212293513,0.4574771391695639,1.2074623885354248,0.7483746910407164,0.41588830833596724
ISFP,1.2070784343255752,0.7564358188440272,0.5053616527873305,0.5628355106146756,0.4134117796034715,0.6037311942677124,0.4721718593974347,0.4512232190328823
ISFP,1.2070784343255752,0.7564358188440272,0.740341439719686,1.1256710212293513,0.4134117796034715,1.0911565455594656,0.4721718593974347,0.48283137373023016
ISFP,0.939572226371526,0.7564358188440272,0.5053616527873305,1.017243530418239,0.4574771391695639,0.9568913034299238,0.7483746910407164,0.48283137373023016
ISFP,1.0397207708399179,0.7564358188440272,0.3188477030575748,0.5628355106146756,0.13380348567569425,0.35316010916221124,0.2762028316432816,0.37582889054861046
ISFP,1.1280580475822055,0.7564358188440272,0.740341439719686,1.017243530418239,0.4574771391695639,1.310051412592135,0.4721718593974347,0.48283137373023016
ISFP,1.0397207708399179,0.6515583497263486,0.6376954061151496,0.8920731783985052,0.4134117796034715,0.7980892274623892,0.6241772465526745,0.41588830833596724
ISFP,1.0397207708399179,0.7564358188440272,0.5053616527873305,0.8920731783985052,0.3023759415184712,0.6037311942677124,0.6241772465526745,0.37582889054861046
ISFP,1.1280580475822055,0.7564358188440272,0.740341439719686,1.1256710212293513,0.4134117796034715,1.4018204217301016,0.4721718593974347,0.48283137373023016
ISFP,1.0397207708399179,0.7564358188440272,0.5053616527873305,0.8920731783985052,0.4134117796034715,0.6037311942677124,0.4721718593974347,0.4512232190328823
ISFP,1.2070784343255752,0.7564358188440272,0.740341439719686,1.3068635848964896,0.5311145111032531,1.310051412592135,1.0963491059501091,0.48283137373023016
ISFP,1.1280580475822055,0.7564358188440272,0.3188477030575748,0.3292376677838295,0.13380348567569425,0.0,0.0,0.37582889054861046
ISFP,0.8239592165010823,0.6515583497263486,0.5053616527873305,0.5628355106146756,0.3023759415184712,0.6037311942677124,0.4721718593974347,0.37582889054861046
ISFP,1.1280580475822055,0.7564358188440272,0.3188477030575748,0.5628355106146756,0.13380348567569425,0.6037311942677124,0.0,0.37582889054861046
ISFP,1.2070784343255752,0.7564358188440272,0.740341439719686,0.8920731783985052,0.4574771391695639,0.6037311942677124,0.6241772465526745,0.48283137373023016
ISFP,1.0397207708399179,0.6515583497263486,0.5053616527873305,0.5628355106146756,0.4134117796034715,0.7980892274623892,0.4721718593974347,0.41588830833596724
ISFP,1.0397207708399179,0.6515583497263486,0.5053616527873305,0.5628355106146756,0.22873856958478195,0.9568913034299238,0.2762028316432816,0.32958368660043297
ISFP,0.939572226371526,0.6515583497263486,0.3188477030575748,0.8920731783985052,0.13380348567569425,1.0911565455594656,0.0,0.32958368660043297
ISFP,1.2070784343255752,0.7564358188440272,0.6376954061151496,1.1256710212293513,0.3023759415184712,0.9568913034299238,0.2762028316432816,0.41588830833596724
ISFP,1.0397207708399179,0.6515583497263486,0.6376954061151496,1.017243530418239,0.4134117796034715,1.0911565455594656,0.8533821341390447,0.37582889054861046
ISFP,1.0397207708399179,0.7564358188440272,0.6376954061151496,1.1256710212293513,0.22873856958478195,0.6037311942677124,0.4721718593974347,0.37582889054861046
ISFP,1.0397207708399179,0.6515583497263486,0.6376954061151496,0.744028074281814,0.3625420552604762,0.6037311942677124,0.2762028316432816,0.41588830833596724
ISFP,1.0397207708399179,0.6515583497263486,0.6376954061151496,0.8920731783985052,0.4134117796034715,0.7980892274623892,0.6241772465526745,0.41588830833596724
ISFP,1.2070784343255752,0.7564358188440272,0.740341439719686,0.8920731783985052,0.4963455409361705,0.6037311942677124,0.7483746910407164,0.48283137373023016
ISFP,0.8239592165010823,0.5163477756740116,0.5053616527873305,1.017243530418239,0.3023759415184712,0.7980892274623892,0.4721718593974347,0.32958368660043297
ISFP,0.939572226371526,0.5163477756740116,0.6376954061151496,0.8920731783985052,0.3625420552604762,0.35316010916221124,0.2762028316432816,0.37582889054861046
ISFP,1.0397207708399179,0.6515583497263486,0.3188477030575748,0.5628355106146756,0.22873856958478195,0.9568913034299238,0.2762028316432816,0.32958368660043297
ISFP,1.1280580475822055,0.7564358188440272,0.5053616527873305,0.5628355106146756,0.5311145111032531,0.35316010916221124,0.9443437187948694,0.48283137373023016
ISFP,1.1280580475822055,0.7564358188440272,0.3188477030575748,0.744028074281814,0.3023759415184712,0.7980892274623892,0.4721718593974347,0.41588830833596724
ISFP,0.6872180489056163,0.5163477756740116,0.740341439719686,1.1256710212293513,0.3023759415184712,1.0911565455594656,0.2762028316432816,0.37582889054861046
ISFP,1.1280580475822055,0.7564358188440272,0.6376954061151496,0.8920731783985052,0.4134117796034715,1.0911565455594656,0.8533821341390447,0.4512232190328823
ISFP,1.1280580475822055,0.7564358188440272,0.3188477030575748,0.5628355106146756,0.3625420552604762,0.7980892274623892,0.6241772465526745,0.41588830833596724
ISFP,1.1280580475822055,0.7564358188440272,0.5053616527873305,0.8920731783985052,0.13380348567569425,0.7980892274623892,0.0,0.37582889054861046
ISFP,1.0397207708399179,0.5163477756740116,0.5053616527873305,0.8920731783985052,0.3023759415184712,0.9568913034299238,0.4721718593974347,0.32958368660043297
ISFP,1.1280580475822055,0.6515583497263486,0.740341439719686,1.2213108461823348,0.4574771391695639,1.2074623885354248,0.8533821341390447,0.41588830833596724
ISFP,1.0397207708399179,0.6515583497263486,0.6376954061151496,1.017243530418239,0.4134117796034715,1.0911565455594656,0.7483746910407164,0.41588830833596724
ISFP,0.939572226371526,0.6515583497263486,0.6376954061151496,1.017243530418239,0.4134117796034715,1.2074623885354248,0.2762028316432816,0.4512232190328823
ISFP,1.2070784343255752,0.7564358188440272,0.6376954061151496,0.744028074281814,0.3023759415184712,0.9568913034299238,0.6241772465526745,0.41588830833596724
ISFP,1.1280580475822055,0.7564358188440272,0.5053616527873305,0.5628355106146756,0.0,0.0,0.7483746910407164,0.32958368660043297
ISFP,1.1280580475822055,0.6515583497263486,0.6376954061151496,0.744028074281814,0.4134117796034715,0.9568913034299238,0.9443437187948694,0.32958368660043297
ISFP,1.2070784343255752,0.7564358188440272,0.5053616527873305,0.5628355106146756,0.3625420552604762,0.6037311942677124,0.2762028316432816,0.4512232190328823
ISFP,1.0397207708399179,0.6515583497263486,0.5053616527873305,0.744028074281814,0.4574771391695639,0.9568913034299238,0.6241772465526745,0.4512232190328823
ISFP,1.2070784343255752,0.7564358188440272,0.6376954061151496,0.744028074281814,0.4574771391695639,1.0911565455594656,0.7483746910407164,0.4512232190328823
ISFP,1.0397207708399179,0.5163477756740116,0.740341439719686,1.017243530418239,0.4574771391695639,0.9568913034299238,0.7483746910407164,0.37582889054861046
ISFP,1.1280580475822055,0.7564358188440272,0.740341439719686,0.8920731783985052,0.0,0.9568913034299238,0.0,0.32958368660043297
ISFP,1.0397207708399179,0.7564358188440272,0.6376954061151496,1.2213108461823348,0.4963455409361705,1.310051412592135,0.7483746910407164,0.48283137373023016
ISFP,0.6872180489056163,0.6515583497263486,0.0,0.0,0.3625420552604762,0.0,0.4721718593974347,0.37582889054861046
ISFP,1.0397207708399179,0.6515583497263486,0.6376954061151496,0.744028074281814,0.3023759415184712,0.6037311942677124,0.2762028316432816,0.37582889054861046
ISFP,0.6872180489056163,0.0,0.740341439719686,1.1256710212293513,0.13380348567569425,1.0911565455594656,0.0,0.12163953243244933
ISFP,0.939572226371526,0.6515583497263486,0.0,0.0,0.4134117796034715,0.35316010916221124,1.024577522683998,0.37582889054861046
